,Filename,PDF Link,Title
0,Leaflet No.25. Kyaw Win Maung.pdf,https://www.forestdepartment.gov.mm/sites/default/files/Research%20Books%20file/Leaflet%20No.25.%20Kyaw%20Win%20Maung_0.pdf,"Comparison on Morphological and Anatomical Characteristics of Byu Species Found in Bogalay Township, Ayeyawady Region"
1,Leaflet No.24 Thida Cho.pdf,https://www.forestdepartment.gov.mm/sites/default/files/Research%20Books%20file/Leaflet%20No.24%20Thida%20Cho.pdf,Isolation and Structural Identification of Medicinal Quercetin Compound from Stem Bark of Lannea coromandelica (Nabe)
2,Leaflet No.23. Lwin Lwin Aung.pdf,https://www.forestdepartment.gov.mm/sites/default/files/Research%20Books%20file/Leaflet%20No.23.%20Lwin%20Lwin%20Aung.pdf,Evaluation the Decay and Termite Resistance of Untreated and Treated In (Dipterocarpus spp:)
3,Leaflet No.22. Tun Tun Win.pdf,https://www.forestdepartment.gov.mm/sites/default/files/Research%20Books%20file/Leaflet%20No.22.%20Tun%20Tun%20Win.pdf,Study on Distribution of Teak Mistletoe (Loranthus pulverulentus Wall.) Control Measures and Teak Growth Assessment in Moeswe Teak Plantations
4,Leaflet No.21. Wai Wai Than.pdf,https://www.forestdepartment.gov.mm/sites/default/files/Research%20Books%20file/Leaflet%20No.21.%20Wai%20Wai%20Than.pdf,Evaluation on Invasive Species Characteristics and Visions of Rural People to Introduced Species Prosopis juliflora (SW.) DC. in Dry Zone of Myanmar
5,Leaflet No.20. Phyu Phyu Lwin.pdf,https://www.forestdepartment.gov.mm/sites/default/files/Research%20Books%20file/Leaflet%20No.20.%20Phyu%20Phyu%20Lwin.pdf,Estimating Merchantable Stem Biomass (Bole Biomass) of Nine Hardwood Species in Myanmar
6,Leaflet No.19. Dr. Yu Ya Aye.pdf,https://www.forestdepartment.gov.mm/sites/default/files/Research%20Books%20file/Leaflet%20No.19.%20Dr.%20Yu%20Ya%20Aye.pdf,Estimation of Carbon Storage of Different Forest Types to Support REDD+ in Myanmar
7,Leaflet No.18. Dr Nyunt Khaing.pdf,https://www.forestdepartment.gov.mm/sites/default/files/Research%20Books%20file/Leaflet%20No.18.%20Dr%20Nyunt%20Khaing.pdf,Prosopis juliflora as a Bio-indicator of Dryland Salinity in Central Myanmar
8,Leaflet No.17. Mu Mu Aung.pdf,https://www.forestdepartment.gov.mm/sites/default/files/Research%20Books%20file/Leaflet%20No.17.%20Mu%20Mu%20Aung.pdf,Assessment on Plant Diversity of the Popa Mountain Park in Myanmar
9,Leaflet No.16. Khin Thidar Htun.pdf,https://www.forestdepartment.gov.mm/sites/default/files/Research%20Books%20file/Leaflet%20No.16.%20Khin%20Thidar%20Htun.pdf,"Composition and Structure of Mixed Deciduous Forests in Bago Yoma (Case Study in Yedashe, Pyinmana, Taungdwingyi townships)"
10,Leaflet No.15. Dr Chaw Chaw Sein.pdf,https://www.forestdepartment.gov.mm/sites/default/files/Research%20Books%20file/Leaflet%20No.15.%20Dr%20Chaw%20Chaw%20Sein.pdf,Assessment on the Species Composition and Stand Structure of Three Different Mixed Deciduous Forest Types in Alaungdaw Kathapa National Park
11,Leaflet No.14. Dr.Tin Min Maung.pdf,https://www.forestdepartment.gov.mm/sites/default/files/Research%20Books%20file/Leaflet%20No.14.%20Dr.Tin%20Min%20Maung.pdf,Up-scaling Community Forestry in Myanmar from Basic Needs to Commercialization
12,Leaflet No.13. Phyu Phyu Swe.pdf,https://www.forestdepartment.gov.mm/sites/default/files/Research%20Books%20file/Leaflet%20No.13.%20Phyu%20Phyu%20Swe.pdf,A Comparative Study of the Physio-chemical Properties in Soil Profile Under Different Forest Types
13,Leaflet No.12. Billy Ne Win.pdf,https://www.forestdepartment.gov.mm/sites/default/files/Research%20Books%20file/Leaflet%20No.12.%20Billy%20Ne%20Win.pdf,Study on Soil Erosion in Abandon Shifting Cultivations in Bago Yoma Watershed Areas
14,Leaflet No.11. Dr Rosy Ne Win.pdf,https://www.forestdepartment.gov.mm/sites/default/files/Research%20Books%20file/Leaflet%20No.11.%20Dr%20Rosy%20Ne%20Win.pdf,"Analysis of shifting cultivation practices and Teak Regeneration and Soil Nutrient on Fallow Lands in Bago Mountains, Myanmar"
15,Leaflet No.10. Pyae Pyae Win.pdf,https://www.forestdepartment.gov.mm/sites/default/files/Research%20Books%20file/Leaflet%20No.10.%20Pyae%20Pyae%20Win.pdf,Study on Sterilization Methods and Shoot Formation of Teak (Tectona grandis L.f.) Tissue Culture
16,Leaflet No.9 Aung Zaw Moe.pdf,https://www.forestdepartment.gov.mm/sites/default/files/Research%20Books%20file/Leaflet%20No.9%20Aung%20Zaw%20Moe.pdf,"Comparison on the Height Growth Performance of Teak Tissue Plant, Teak Shoot Cutting Plant and Teak Seedling Plant"
17,Leaflet No.8 Thiri Toe Khaing.pdf,https://www.forestdepartment.gov.mm/sites/default/files/Research%20Books%20file/Leaflet%20No.8%20Thiri%20Toe%20Khaing.pdf,Preliminary Study on Influence of Different Media and Rooting Hormone of Shoot Cutting of Eucalyptus
18,Leaflet No.7. Khin Pa Pa Shwe.pdf,https://www.forestdepartment.gov.mm/sites/default/files/Research%20Books%20file/Leaflet%20No.7.%20Khin%20Pa%20Pa%20Shwe.pdf,Effects of Explants Position and Plant Growth Regulators on In Vitro Regeneration of Dendrocalamus hamiltonii Nees et Arn. Ex Munro
19,Leaflet No.6. Tin Tin Mu.pdf,https://www.forestdepartment.gov.mm/sites/default/files/Research%20Books%20file/Leaflet%20No.6.%20Tin%20Tin%20Mu.pdf,Comparative Study on Shoot Formation and Productivity of Teak (Tectona grandis Linn.f.) Planted in Hedge Garden
20,Leaflet No.5. Khin Pa Pa Shwe.pdf,https://www.forestdepartment.gov.mm/sites/default/files/Research%20Books%20file/Leaflet%20No.5.%20Khin%20Pa%20Pa%20Shwe.pdf,Comparative Study on Variation of Plus Trees collected from Five Forest Reserves in Let Pan Khon
21,Leaflet No.4. Yan Myo Naing.pdf,https://www.forestdepartment.gov.mm/sites/default/files/Research%20Books%20file/Leaflet%20No.4.%20Yan%20Myo%20Naing_0.pdf,A Follow-up Study on Effective Planting Techniques for Teak
22,Leaflet No.3. Yan Myo Naing.pdf,https://www.forestdepartment.gov.mm/sites/default/files/Research%20Books%20file/Leaflet%20No.3.%20Yan%20Myo%20Naing.pdf,A Study on Teak Provenance Trial (Assessment in 8th Year after Planting)
23,Leaflet No.2.Yan Myo Naing.pdf,https://www.forestdepartment.gov.mm/sites/default/files/Research%20Books%20file/Leaflet%20No.2.Yan%20Myo%20Naing_1.pdf,Study on Growth Responses from Different Thinning Grades Applied to Pterocarpus macrocarpus kurz. (Padauk) Plantation
24,Leaflet No.1. Dr Chaw Chaw Sein.pdf,https://www.forestdepartment.gov.mm/sites/default/files/Research%20Books%20file/Leaflet%20No.1.%20Dr%20Chaw%20Chaw%20Sein.pdf,Study on Growth and Productivity of Six Tropical Exotic Pine Species in the Taung Lay Lone Reserved Forest
25,Leaflet No.16. Aung Soe.pdf,https://www.forestdepartment.gov.mm/sites/default/files/Research%20Books%20file/Leaflet%20No.16.%20Aung%20Soe_0.pdf,Preliminary Study on Value added Bamboo Handicraft Processing
26,Leaflet No.15.Chaw Sein _fuelwood_.pdf,https://www.forestdepartment.gov.mm/sites/default/files/Research%20Books%20file/Leaflet%20No.15.Chaw%20Sein%20%20_fuelwood__0.pdf,"Study on Consumption of Fuelwood, Causes of Forest Degradation and Deforestation in the Taungyi District"
27,Leaflet No.14.Aung Myo Win.pdf,https://www.forestdepartment.gov.mm/sites/default/files/Research%20Books%20file/Leaflet%20No.14.Aung%20Myo%20Win_0.pdf,Analysis of Land Cover Change Detection Using Satellite Images in Paukkaung Township Area
28,Leaflet No.13. Cho Cho Myint.pdf,https://www.forestdepartment.gov.mm/sites/default/files/Research%20Books%20file/Leaflet%20No.13.%20Cho%20Cho%20Myint_0.pdf,"Investigation on Anisotropy, Fiber Saturation Point, Swelling and Periodical Water Uptake of Plantation Teak at Different Ages"
29,Leaflet No.12.Cho Cho Win.pdf,https://www.forestdepartment.gov.mm/sites/default/files/Research%20Books%20file/Leaflet%20No.12.Cho%20Cho%20Win_0.pdf,Dimensional Changes and Mechanical Properties of Acetylated Three Lesser Used Timber Species of Myanmar
30,Leaflet No.11.Thida Cho.pdf,https://www.forestdepartment.gov.mm/sites/default/files/Research%20Books%20file/Leaflet%20No.11.Thida%20Cho_0.pdf,Preliminary Investigation of Ethanol Potential from Fermented Liquid Filtrates of Some Bamboo Species
31,Leaflet No.10.Su Myint Than.pdf,https://www.forestdepartment.gov.mm/sites/default/files/Research%20Books%20file/Leaflet%20No.10.Su%20Myint%20Than.pdf,Investigation on the Some Active Compounds of the Agarwood Oil (Aquilaria agallocha Roxb)
32,Leaflet No.9.Kyaw Win Mg.pdf,https://www.forestdepartment.gov.mm/sites/default/files/Research%20Books%20file/Leaflet%20No.9.Kyaw%20Win%20Mg.pdf,Comparison on wood anatomical characteristics of infected and non-infected agarwood from AquilariamalaccensisLamk.
33,Leaflet No.8. Ei Sandi Sett.pdf,https://www.forestdepartment.gov.mm/sites/default/files/Research%20Books%20file/Leaflet%20No.8.%20Ei%20Sandi%20Sett.pdf,Ecotourism and Community Development: A Case Study in Myanmar’s Inle Lake Wildlife Sanctuary
34,Leaflet No.7. Inkyin Khaing.pdf,https://www.forestdepartment.gov.mm/sites/default/files/Research%20Books%20file/Leaflet%20No.7.%20Inkyin%20Khaing_0.pdf,Assessment of the Environmental Awareness of Local People Living in and around Forests in Myanmar: A Case Study in Yaedashae and Pauk-kaung Townships
35,Leaflet No.6.Tin Min Maung.pdf,https://www.forestdepartment.gov.mm/sites/default/files/Research%20Books%20file/Leaflet%20No.6.Tin%20Min%20Maung_0.pdf,Measuring Good Governance in Certified and Traditionally Managed Community Forests at Nyaung Oo Township
36,Leaflet No.5.Thida Swe.pdf,https://www.forestdepartment.gov.mm/sites/default/files/Research%20Books%20file/Leaflet%20No.5.Thida%20Swe.pdf,Carbon Stock Determination in Peat Soil of Heho Valley Peatland Area
37,Leaflet No.4. Dr.Nyaunt Khaing.pdf,https://www.forestdepartment.gov.mm/sites/default/files/Research%20Books%20file/Leaflet%20No.4.%20Dr.Nyaunt%20Khaing_1.pdf,Structure and Composition of Dry Deciduous Forests in Central Myanmar
38,Leaflet No.2.Yan Myo Naing.pdf,https://www.forestdepartment.gov.mm/sites/default/files/Research%20Books%20file/Leaflet%20No.2.Yan%20Myo%20Naing_0.pdf,"Construction of Standard Volume Table: A Case Study in Three Teak Plantations with Different Ages in Bago Township, Bago District, Bago Region, Myanmar"
39,Leaflet No.1. Dr Kyaw Tint.pdf,https://www.forestdepartment.gov.mm/sites/default/files/Research%20Books%20file/Leaflet%20No.1.%20Dr%20Kyaw%20Tint_0.pdf,Modifying Myanma Selection System
40,Leaflet No.20.Aung Soe (Kiln Schedule).pdf,https://www.forestdepartment.gov.mm/sites/default/files/Research%20Books%20file/Leaflet%20No.20.Aung%20Soe%20%28Kiln%20Schedule%29_0.pdf,Study on Proposed Kiln Schedule of Some Commercial Hardwood Species from Tanintharyi Region
41,Leaflet No.19.Cho Cho Win(Bamboo).pdf,https://www.forestdepartment.gov.mm/sites/default/files/Research%20Books%20file/Leaflet%20No.19.Cho%20Cho%20Win%28Bamboo%29_0.pdf,Investigation on the Effectiveness of Preservation Methods on Natural Durability of Some Myanmar Important Bamboo Species
42,Leaflet No.18. Thida Cho(Sagawar).pdf,https://www.forestdepartment.gov.mm/sites/default/files/Research%20Books%20file/Leaflet%20No.18.%20Thida%20Cho%28Sagawar%29_0.pdf,"(Leaves,Stem-barks) of “Sagawa” (Micheliachampaca Linn)"
43,Leaflet No.17. Cho Cho Myint.pdf,https://www.forestdepartment.gov.mm/sites/default/files/Research%20Books%20file/Leaflet%20No.17.%20Cho%20Cho%20Myint_0.pdf,"Study on Wood Anatomical Characters, Physical and Mechanical Properties of Cherry‐Bo (Betula alnoides Han.) and Tayok‐ Khaung‐Bin (Taiwania cryptomerioides Hayata)"
44,Leaflet No.16. Thida Cho( IN).pdf,https://www.forestdepartment.gov.mm/sites/default/files/Research%20Books%20file/Leaflet%20No.16.%20Thida%20Cho%28%20IN%29.pdf,Study on the Production Methods of In‐Resin (Dipterocarpustuberculatus) and their Chemical properties
45,Leaflet No.15. Myint Myint San.pdf,https://www.forestdepartment.gov.mm/sites/default/files/Research%20Books%20file/Leaflet%20No.15.%20Myint%20Myint%20San.pdf,"Preliminary Study on Medicinal Uses and Phyto- Chemicals of the Anoectochilus albolineatus Parish& Rchb.f. in Tarmoe-Nye Township, Northern State"
46,Leaflet No.14.Yi Yi Han.pdf,https://www.forestdepartment.gov.mm/sites/default/files/Research%20Books%20file/Leaflet%20No.14.Yi%20Yi%20Han_0.pdf,Morphology and Anatomy of Four Myanmar Species of the Genus Acacia from Dry Zone
47,Leaflet No.13.Kyaw Win Maung.pdf,https://www.forestdepartment.gov.mm/sites/default/files/Research%20Books%20file/Leaflet%20No.13.Kyaw%20Win%20Maung_0.pdf,Investigation of Morphological and Stem Anatomical Features of Five Rattan Species Growing in Ayeyarwady Region
48,Leaflet No.12.ChoChoWin (Eucalyptu).pdf,https://www.forestdepartment.gov.mm/sites/default/files/Research%20Books%20file/Leaflet%20No.12.ChoChoWin%20%28Eucalyptu%29_0.pdf,The Effectiveness of Wood Preservatives on the Natural Durability of Eucalyptus camaldulensis
49,Leaflet No.11.Aung Soe(Eucalyptu).pdf,https://www.forestdepartment.gov.mm/sites/default/files/Research%20Books%20file/Leaflet%20No.11.Aung%20Soe%28Eucalyptu%29_0.pdf,Study on the Status of Eucalypt Houses
50,Leaflet No.10.Dr_.Chaw Chaw Sein.pdf,https://www.forestdepartment.gov.mm/sites/default/files/Research%20Books%20file/Leaflet%20No.10.Dr_.Chaw%20Chaw%20Sein_0.pdf,"Investigation on Tree Species Composition and Aboveground Biomass, Tree growth and Productivity after Seven Years of Rehabilitation through Natural Means in the Ngahlaingsan Degraded Forests"
51,Leaflet No.9.Dr_.Nyunt Khaing.pdf,https://www.forestdepartment.gov.mm/sites/default/files/Research%20Books%20file/Leaflet%20No.9.Dr_.Nyunt%20Khaing_1.pdf,Performance of Native Tree Species to Dry land Environmental Stresses
52,Leaflet No.8. Thida Swe (Inlay).pdf,https://www.forestdepartment.gov.mm/sites/default/files/Research%20Books%20file/Leaflet%20No.8.%20Thida%20Swe%20%28Inlay%29_0.pdf,Assessment of Water Quality of Inlay Lake
53,Leaflet No.7.Khin Mar Myint.pdf,https://www.forestdepartment.gov.mm/sites/default/files/Research%20Books%20file/Leaflet%20No.7.Khin%20Mar%20Myint_0.pdf,Comparative Study on the Control Measures of Teak Beehole Borer Xyleutes ceramicus Wlk. (Lepidoptera: Cossidae) in Teak Plantations
54,Leaflet No.6.WaiWaiThan.pdf,https://www.forestdepartment.gov.mm/sites/default/files/Research%20Books%20file/Leaflet%20No.6.WaiWaiThan_0.pdf,Examine on presence fungi from some naturally infected agar wood of some parts of Myanmar
55,Leaflet No.5.Dr_. Yazar Min.pdf,https://www.forestdepartment.gov.mm/sites/default/files/Research%20Books%20file/Leaflet%20No.5.Dr_.%20Yazar%20Min_0.pdf,Genetic Variation of Teak (Tectona grandis Linn. f.) in Myanmar revealed by Amplified Fragment Length Polymorphisms (AFLPs)
56,Leaflet No.4.Zar Chi Hlaing.pdf,https://www.forestdepartment.gov.mm/sites/default/files/Research%20Books%20file/Leaflet%20No.4.Zar%20Chi%20Hlaing.pdf,"The Growth of Teak (Tectona grandis Linn.f) Plantations at the age of 10, 15 and 20 Years Old in Bago and Paukkaung Townships"
57,Leaflet No.3.Thida Swe (teak).pdf,https://www.forestdepartment.gov.mm/sites/default/files/Research%20Books%20file/Leaflet%20No.3.Thida%20Swe%20%28teak%29_0.pdf,Tree Ring Analysis on Teak (Tectona grandis Linn. F.)
58,Leaflet No.2.Dr_.Rosy_.pdf,https://www.forestdepartment.gov.mm/sites/default/files/Research%20Books%20file/Leaflet%20No.2.Dr_.Rosy__0.pdf,"The Effect of Selective Logging on stand structure and regeneration of Teak Bearing Forests in the Kabaung Reserved Forest, Bago Mountains, Myanmar"
59,Leaflet No.1. Dr Tin Min Mg.pdf,https://www.forestdepartment.gov.mm/sites/default/files/Research%20Books%20file/Leaflet%20No.1.%20Dr%20Tin%20Min%20Mg_0.pdf,Facilitating Public Private Community Partnership for Effective Governance of Vulnerable Forest Lands
60,Leaflet No. 12-2012.pdf,https://www.forestdepartment.gov.mm/sites/default/files/Research%20Books%20file/Leaflet%20No.%2012-2012_0.pdf,Utilization Potential of Eucalyptus camaldulensis Dehn. as a Construction Material
61,Leaflet No. 11-2012.pdf,https://www.forestdepartment.gov.mm/sites/default/files/Research%20Books%20file/Leaflet%20No.%2011-2012_0.pdf,Study on Shoot and Culm Development of Hmyin (Dendrocalamus strictus (Roxb.) Nees) in Old Aged Bamboo Plantation in Moeswe
62,Leaflet No. 10-2012.pdf,https://www.forestdepartment.gov.mm/sites/default/files/Research%20Books%20file/Leaflet%20No.%2010-2012_0.pdf,The Effect of Different Pretreatments on the Germination of Aleurites montana (Lour.) Wils. and Aleurites moluccana (L.) Willd.
63,Leaflet No. 9-2012.pdf,https://www.forestdepartment.gov.mm/sites/default/files/Research%20Books%20file/Leaflet%20No.%209-2012_0.pdf,Study on The Effect of Fertilizer Application in Tung -Oil (Aleurites montana (Lour.) Wils) Plantation
64,Leaflet No. 8-2012.pdf,https://www.forestdepartment.gov.mm/sites/default/files/Research%20Books%20file/Leaflet%20No.%208-2012.pdf,A Follow-up Study on Provenance Trial of Teak
65,Leaflet No. 7-2012.pdf,https://www.forestdepartment.gov.mm/sites/default/files/Research%20Books%20file/Leaflet%20No.%207-2012_0.pdf,"Assessment of Teak (Tectona grandis Linn.f) Provenance Test in the Bago Yoma Region, Myanmar"
66,Leaflet No. 6-2012.pdf,https://www.forestdepartment.gov.mm/sites/default/files/Research%20Books%20file/Leaflet%20No.%206-2012_0.pdf,Decay Resistance of Acetylated Three Lesser - Used Timber Species of Myanmar
67,Leaflet No. 5-2012.pdf,https://www.forestdepartment.gov.mm/sites/default/files/Research%20Books%20file/Leaflet%20No.%205-2012.pdf,"Comparison of the effectiveness of weeding methods to control Forest Invasive Species, Pennisetum grass in Teak plantation"
68,Leaflet No. 3-2012.pdf,https://www.forestdepartment.gov.mm/sites/default/files/Research%20Books%20file/Leaflet%20No.%203-2012_0.pdf,Carbon Sequestration of Pure Teak (Tectona grandis Linn f.) and Mixed Species Plantations in Bago Yoma Region of Myanmar
69,Leaflet No. 2-2012.pdf,https://www.forestdepartment.gov.mm/sites/default/files/Research%20Books%20file/Leaflet%20No.%202-2012_0.pdf,Assessment of forest cover dynamics and their driving forces in Kabaung Reserved Forest using remote sensing and GIS
70,Leaflet No. 1-2012.pdf,https://www.forestdepartment.gov.mm/sites/default/files/Research%20Books%20file/Leaflet%20No.%201-2012.pdf,Survey on Application of Current Research Activities to Support Future Research Program in Forestry Sector
71,Leaflet No. 19 _2009_.pdf,https://www.forestdepartment.gov.mm/sites/default/files/Research%20Books%20file/Leaflet%20No.%2019%20_2009_.pdf,Study on Effective Treatment for Production of “Teak Oil” (Teak Varnish) from Tung Oil
72,Leaflet No. 18 _2009_.pdf,https://www.forestdepartment.gov.mm/sites/default/files/Research%20Books%20file/Leaflet%20No.%2018%20_2009__0.pdf,Preliminary Survey on the Infestation of Insect Pests on the Nursery and Plantation of Tung Oil Tree (Aleurites montana (Lour.) E.H.Wils) in Northern Shan State
73,Leaflet No. 17 _2009_.pdf,https://www.forestdepartment.gov.mm/sites/default/files/Research%20Books%20file/Leaflet%20No.%2017%20_2009__1.pdf,Development of Rooted Cutting Method for Vegetative Propagation of Aleurites montana (Lour.) E.H.Wils.
74,Leaflet No. 16 _2009_.pdf,https://www.forestdepartment.gov.mm/sites/default/files/Research%20Books%20file/Leaflet%20No.%2016%20_2009_.pdf,Identification and Salient Characteristics of Tung Oil Trees in Myanmar
75,Leaflet No. 14 _2009_.pdf,https://www.forestdepartment.gov.mm/sites/default/files/Research%20Books%20file/Leaflet%20No.%2014%20_2009_.pdf,"Preliminary Survey on Medicinal Values of Some Dendrobium Species Occurring in Kutkai Township, Northern Shan State"
76,Leaflet No. 13 _2009_.pdf,https://www.forestdepartment.gov.mm/sites/default/files/Research%20Books%20file/Leaflet%20No.%2013%20_2009_.pdf,Collecting Information of Health Problems of Some Exotic Forest Trees and Agricultural Crops in Myanmar
77,Leaflet No. 12 _2009_.pdf,https://www.forestdepartment.gov.mm/sites/default/files/Research%20Books%20file/Leaflet%20No.%2012%20_2009__0.pdf,Utilization Potential of Sawmill Residues for Particleboard Manufacturing in Myanmar
78,Leaflet No. 11_2009_.pdf,https://www.forestdepartment.gov.mm/sites/default/files/Research%20Books%20file/Leaflet%20No.%2011_2009__0.pdf,"Preliminary Screening and Categorization of Forestry Related Literatures (Technical, Books, Article, etc.) in Myanmar"
79,Leaflet No. 08_2009_(U Myo Myint).pdf,https://www.forestdepartment.gov.mm/sites/default/files/Research%20Books%20file/Leaflet%20No.%2008_2009_%28U%20Myo%20Myint%29_0.pdf,"The Analysis on the Status, Care and Management of Elephants in Myanmar"
80,"Leaflet No. 07 _2009_(U Than Soe Oo,FD,Mandalay).pdf",https://www.forestdepartment.gov.mm/sites/default/files/Research%20Books%20file/Leaflet%20No.%2007%20_2009_%28U%20Than%20Soe%20Oo%2CFD%2CMandalay%29_0.pdf,Comparison of Growth Performances of Teak (Tectona grandis Linn. f.) and Padauk (Pterocarpus macrocarpus Kurz.) by Line Enrichment Planting in Ngalaik Reserved Forest
81,"Leaflet No. 02 _2009_(Dr. Min Thant Zin,UOF).pdf",https://www.forestdepartment.gov.mm/sites/default/files/Research%20Books%20file/Leaflet%20No.%2002%20_2009_%28Dr.%20Min%20Thant%20Zin%2CUOF%29.pdf,Livelihood Assessment in Support to Formulation of Buffer Zone Management for the Tanintharyi Nature Reserve
82,10-2008.pdf,https://www.forestdepartment.gov.mm/sites/default/files/Research%20Books%20file/10-2008_0.pdf,"Density, Specific Gravity and Dimensional Stability of Seventy- Five Timber Species in Myanmar"
83,8-2008.pdf,https://www.forestdepartment.gov.mm/sites/default/files/Research%20Books%20file/8-2008.pdf,Investigation on Chemical Properties of Some Myanmar Bamboo Species
84,4-2008.pdf,https://www.forestdepartment.gov.mm/sites/default/files/Research%20Books%20file/4-2008_0.pdf,Socio-economic and Environmental Conditions of Forest Dependent Local Communities A Case Study: Sinthe Dam Watershed Area in Tatkon Township
85,012(2006).pdf,https://www.forestdepartment.gov.mm/sites/default/files/Research%20Books%20file/012%282006%29_0.pdf,Preliminary Study on the Natural Durability of Lesser-Known Wood Species
86,06(2006).pdf,https://www.forestdepartment.gov.mm/sites/default/files/Research%20Books%20file/06%282006%29_2.pdf,"Soil Conditions of Degraded Natural Forest and Teak Plantations with Particular Reference to Ngalaik Reserved Forest, Pyinmana"
87,05(2006).pdf,https://www.forestdepartment.gov.mm/sites/default/files/Research%20Books%20file/05%282006%29_2.pdf,Yield Tables for Plantations of Xylia xylocarpa (Pyinkado) in Myanmar
88,03(2006).pdf,https://www.forestdepartment.gov.mm/sites/default/files/Research%20Books%20file/03%282006%29_2.pdf,"Investigation on Chemical, Physical and Mechanical Properties of Some Myanmar Bamboo Species"
89,11(2004).pdf,https://www.forestdepartment.gov.mm/sites/default/files/Research%20Books%20file/11%282004%29_0.pdf,PRELIMINARY STUDY ON PHYSICAL AND MECHANICAL PROPERTIES OF YINMA (CHUKRASIA VELUTINA)
90,10(2004).pdf,https://www.forestdepartment.gov.mm/sites/default/files/Research%20Books%20file/10%282004%29_0.pdf,THE EFFECTIVENESS OF BFCA AND CCA WOOD PRESERVATIVES ON THE DURABILITY OF TEN LESSER-USED TIMBER SPECIES OF MYANMAR
91,08(2004).pdf,https://www.forestdepartment.gov.mm/sites/default/files/Research%20Books%20file/08%282004%29.pdf,GROWTH PERFORMANCE OF TEAK PROVENANCE TRIALS ESTABLISHED IN BAGO YOMA: EVALUATION AT THE 5TH YEAR AFTER PLANTING
92,05(2004).pdf,https://www.forestdepartment.gov.mm/sites/default/files/Research%20Books%20file/05%282004%29_0.pdf,PEOPLE PARTICIPATION THROUGH DECENTRALIZED FOREST MANAGEMENT TOWARDS SUSTAINABLE FORESTRY DEVELOPMENT – A RETROSPECTIVE REVIEW -
93,1(1987).pdf,https://www.forestdepartment.gov.mm/sites/default/files/Research%20Books%20file/1%281987%29_0.pdf,Investigation on the Suitability of some Tropical Pines for Plantation Establishment in the Shan State Area
94,Leaflet No.30. Myint Myint San.pdf,https://www.forestdepartment.gov.mm/sites/default/files/Research%20Books%20file/Leaflet%20No.30.%20Myint%20Myint%20San.pdf,"Study on Distribution and Medicinal Values of Wild Orchids in Matu Pe Township, Southern Chin State"
95,Leaflet No.29. Dr. Chaw Chaw Sein.pdf,https://www.forestdepartment.gov.mm/sites/default/files/Research%20Books%20file/Leaflet%20No.29.%20Dr.%20Chaw%20Chaw%20Sein.pdf,Assessing Different Land Use Pattern and Livelihood of the Local People in the Mangrove Area (Case Study in Pyapon Township)
96,Leaflet No.28. Myint Myint San.pdf,https://www.forestdepartment.gov.mm/sites/default/files/Research%20Books%20file/Leaflet%20No.28.%20Myint%20Myint%20San.pdf,"Study on Distribution and, Medicinal Uses of Some Plant Species in Natma Taung National Park, Southern Chin State"
97,Leaflet No.27. Dr.Tin Min Maung.pdf,https://www.forestdepartment.gov.mm/sites/default/files/Research%20Books%20file/Leaflet%20No.27.%20Dr.Tin%20Min%20Maung.pdf,Up-scaling Community Forestry in Myanmar From Basic Needs to Commercialization
98,Leaflet No.26. Kyi Kyi Khaing.pdf,https://www.forestdepartment.gov.mm/sites/default/files/Research%20Books%20file/Leaflet%20No.26.%20Kyi%20Kyi%20Khaing_0.pdf,"Morphological, Anatomical Characteristics and Uses of Three Myanmar Species of the Genus Rhododendron from Nat Ma Taung National Park, Chin State"
99,Leaflet No.25. Kyaw Win Maung.pdf,https://www.forestdepartment.gov.mm/sites/default/files/Research%20Books%20file/Leaflet%20No.25.%20Kyaw%20Win%20Maung.pdf,"Comparison on morphological and anatomical characteristics of Byuspecies found in Bogalay and Pathein Township, Ayeyawady Region"
100,Leaflet No.24. Dr. Nyunt Khaing.pdf,https://www.forestdepartment.gov.mm/sites/default/files/Research%20Books%20file/Leaflet%20No.24.%20Dr.%20Nyunt%20Khaing.pdf,Prosopis juliflora as a Bio‐indicator of Dryland Salinity in Central Myanmar
101,Leaflet No.23. Phyu Phyu Swe.pdf,https://www.forestdepartment.gov.mm/sites/default/files/Research%20Books%20file/Leaflet%20No.23.%20Phyu%20Phyu%20Swe.pdf,A Comparative Study of the Physio-chemical Properties in Soil Profile Under Different Forest Types
102,Leaflet No.22. Billy Ne Win.pdf,https://www.forestdepartment.gov.mm/sites/default/files/Research%20Books%20file/Leaflet%20No.22.%20Billy%20Ne%20Win.pdf,Study on Soil Erosion in Abandon Shifting Cultivations in Bago Yoma Watershed Areas
103,Leaflet No.21. Dr. Rosy Ne Win.pdf,https://www.forestdepartment.gov.mm/sites/default/files/Research%20Books%20file/Leaflet%20No.21.%20Dr.%20Rosy%20Ne%20Win.pdf,"Analysis of Shifting Cultivation Practices and Teak Regeneration and Soil Nutrient on Fallow Lands in Bago Mountains, Myanmar"
104,Leaflet No.20. Pyae Pyae Win.pdf,https://www.forestdepartment.gov.mm/sites/default/files/Research%20Books%20file/Leaflet%20No.20.%20Pyae%20Pyae%20Win.pdf,Study on Sterilization Methods and Shoot Formation of Teak ( Tectona grandis L.f.) Tissue Culture
105,Leaflet No.19 Aung Zaw Moe.pdf,https://www.forestdepartment.gov.mm/sites/default/files/Research%20Books%20file/Leaflet%20No.19%20Aung%20Zaw%20Moe.pdf,"Comparison on Height Growth Performance of Teak Tissue Plant, Teak Shoot Cutting Plant and Teak Seedling"
106,Leaflet No.18 Thiri Toe Khaing.pdf,https://www.forestdepartment.gov.mm/sites/default/files/Research%20Books%20file/Leaflet%20No.18%20Thiri%20Toe%20Khaing.pdf,"Comparison on Height Growth Performance of Teak Tissue Plant, Teak Shoot Cutting Plant and Teak Seedling"
107,Leaflet No.17. Khin Pa Pa Shwe.pdf,https://www.forestdepartment.gov.mm/sites/default/files/Research%20Books%20file/Leaflet%20No.17.%20Khin%20Pa%20Pa%20Shwe.pdf,"Preliminary Study on Influence of Different Media and Rooting Hormone of Shoot Cutting of Eucalyptus Thiri Toe Khaing, Range Officer Daw Yin YinTheint, Staff Officer Daw Tin Tin Mu, Assistant Research Officer Forest Research Institut"
108,Leaflet No.16. Tin Tin Mu.pdf,https://www.forestdepartment.gov.mm/sites/default/files/Research%20Books%20file/Leaflet%20No.16.%20Tin%20Tin%20Mu_0.pdf,Effects of Explants Position and Plant Growth Regulators on In Vitro Regeneration of Dendrocalamus hamiltonii Nees et Arn. Ex Munro
109,Leaflet No.15. Khin Pa Pa Shwe.pdf,https://www.forestdepartment.gov.mm/sites/default/files/Research%20Books%20file/Leaflet%20No.15.%20Khin%20Pa%20Pa%20Shwe.pdf,Comparative Study on Shoot Formation and Productivity of Teak ( Tectona grandis Linn.f.) Planted in Hedge Garden
110,Leaflet No.14. Thida Cho.pdf,https://www.forestdepartment.gov.mm/sites/default/files/Research%20Books%20file/Leaflet%20No.14.%20Thida%20Cho.pdf,Comparative Study on Variation of Plus Trees collected from Five Forest Reserves in Let Pan Khon
111,Leaflet No.13. Lwin Lwin Aung.pdf,https://www.forestdepartment.gov.mm/sites/default/files/Research%20Books%20file/Leaflet%20No.13.%20Lwin%20Lwin%20Aung.pdf,Isolation and Structural Identification of Medicinal Quercetin Compound from Stem Bark of Lannea coromandelica (Nabe)
112,Leaflet No.11. WaiWai Than.pdf,https://www.forestdepartment.gov.mm/sites/default/files/Research%20Books%20file/Leaflet%20No.11.%20WaiWai%20Than.pdf,Isolation and Structural Identification of Medicinal Quercetin Compound from Stem Bark of Lannea coromandelica (Nabe)
113,Leaflet No.12. Tun Tun Win.pdf,https://www.forestdepartment.gov.mm/sites/default/files/Research%20Books%20file/Leaflet%20No.12.%20Tun%20Tun%20Win.pdf,Evaluation the Decay and Termite Resistance of Untreated and Treated In ( Dipterocarpus spp: )
114,Leaflet No.10. Phyu Phyu Lwin.pdf,https://www.forestdepartment.gov.mm/sites/default/files/Research%20Books%20file/Leaflet%20No.10.%20Phyu%20Phyu%20Lwin.pdf,Evaluation on Invasive Species Characteristics and Visions of Rural People to Introduced Species Prosopis juliflora (SW.) DC. in Dry Zone of Myanmar
115,Leaflet No.9. Dr. Yu Ya Aye.pdf,https://www.forestdepartment.gov.mm/sites/default/files/Research%20Books%20file/Leaflet%20No.9.%20Dr.%20Yu%20Ya%20Aye.pdf,Evaluation on Invasive Species Characteristics and Visions of Rural People to Introduced Species Prosopis juliflora (SW.) DC. in Dry Zone of Myanmar
116,Leaflet No.8. Ohn Lwin.pdf,https://www.forestdepartment.gov.mm/sites/default/files/Research%20Books%20file/Leaflet%20No.8.%20Ohn%20Lwin.pdf,Estimating Merchantable Stem Biomass (Bole Biomass) of Nine Hardwood Species in Myanmar
117,Leaflet No.7. Mu Mu Aung.pdf,https://www.forestdepartment.gov.mm/sites/default/files/Research%20Books%20file/Leaflet%20No.7.%20Mu%20Mu%20Aung.pdf,Estimation of Carbon Storage of Different Forest Types to support REDD+ in Myanmar
118,Leaflet No.6. Khin Thidar Htun.pdf,https://www.forestdepartment.gov.mm/sites/default/files/Research%20Books%20file/Leaflet%20No.6.%20Khin%20Thidar%20Htun.pdf,"Composition and Structure of Mixed Deciduous Forests in Bago Yomas(Case study in Pyinmana, Yedashe and Taungdwingyi townships)"
119,Leaflet No.5. Dr. Chaw Chaw Sein.pdf,https://www.forestdepartment.gov.mm/sites/default/files/Research%20Books%20file/Leaflet%20No.5.%20Dr.%20Chaw%20Chaw%20Sein.pdf,Assessment on the Species Composition and Stand Structure of Three Different Mixed Deciduous Forest Types in Alaungdaw Kathapa National Park
120,Leaflet No.4. Yan Myo Naing.pdf,https://www.forestdepartment.gov.mm/sites/default/files/Research%20Books%20file/Leaflet%20No.4.%20Yan%20Myo%20Naing.pdf,A Follow-up Study on Effective Planting Techniques for Teak
121,Leaflet No.3. Dr.Chaw Chaw Sein.pdf,https://www.forestdepartment.gov.mm/sites/default/files/Research%20Books%20file/Leaflet%20No.3.%20Dr.Chaw%20Chaw%20Sein.pdf,Study on Growth and Productivity of Six Tropical Exotic Pine Species in the Taung Lay Lone Reserved Forest
122,Leaflet No.2. Yan Myo Naing.pdf,https://www.forestdepartment.gov.mm/sites/default/files/Research%20Books%20file/Leaflet%20No.2.%20Yan%20Myo%20Naing.pdf,A Study on Teak Provenance Trial (Assessment in 8th Year after Planting)
123,Leaflet No.1. Yan Myo Naing.pdf,https://www.forestdepartment.gov.mm/sites/default/files/Research%20Books%20file/Leaflet%20No.1.%20Yan%20Myo%20Naing.pdf,Study on Growth Responses from Different Thinning Grades Applied to  Pterocarpus macrocarpus kurz. (Padauk) Plantation
124,Leaflet No.16. Aung Soe.pdf,https://www.forestdepartment.gov.mm/sites/default/files/Research%20Books%20file/Leaflet%20No.16.%20Aung%20Soe.pdf,Preliminary Study on Value Added Bamboo Handicraft Processing
125,Leaflet No.15.Chaw Sein _fuelwood_.pdf,https://www.forestdepartment.gov.mm/sites/default/files/Research%20Books%20file/Leaflet%20No.15.Chaw%20Sein%20%20_fuelwood_.pdf,"Study on Consumption of Fuelwood, Causes of Forest Degradation and Deforestation in the Taungyi District"
126,Leaflet No.14.Aung Myo Win.pdf,https://www.forestdepartment.gov.mm/sites/default/files/Research%20Books%20file/Leaflet%20No.14.Aung%20Myo%20Win.pdf,Analysis of Land Cover Change Detection Using Satellite Images in Paukkaung Township Area
127,Leaflet No.13. Cho Cho Myint.pdf,https://www.forestdepartment.gov.mm/sites/default/files/Research%20Books%20file/Leaflet%20No.13.%20Cho%20Cho%20Myint.pdf,"Investigation on Anisotropy, Fiber Saturation Point, Swelling and Periodical Water Uptake of Plantation Teak at Different Ages"
128,Leaflet No.12.Cho Cho Win.pdf,https://www.forestdepartment.gov.mm/sites/default/files/Research%20Books%20file/Leaflet%20No.12.Cho%20Cho%20Win.pdf,Dimensional Changes and Mechanical Properties of Acetylated Three Lesser Used Timber Species of Myanmar
129,Leaflet No.11.Thida Cho.pdf,https://www.forestdepartment.gov.mm/sites/default/files/Research%20Books%20file/Leaflet%20No.11.Thida%20Cho.pdf,Preliminary Investigation of Ethanol Potential from Fermented Liquid Filtrates of Some Bamboo Species
130,Leaflet No.10.Su Myint Than.pdf,https://www.forestdepartment.gov.mm/sites/default/files/Research%20Books%20file/Leaflet%20No.10.Su%20Myint%20Than_0.pdf,Investigation on the Some Active Compounds of the Agarwood Oil (Aquilaria agallocha Roxb)
131,Leaflet No.9.Kyaw Win Mg.pdf,https://www.forestdepartment.gov.mm/sites/default/files/Research%20Books%20file/Leaflet%20No.9.Kyaw%20Win%20Mg_0.pdf,Comparison on wood anatomical characteristics of infected and non-infected agarwood from AquilariamalaccensisLamk.
132,Leaflet No.8. Ei Sandi Sett.pdf,https://www.forestdepartment.gov.mm/sites/default/files/Research%20Books%20file/Leaflet%20No.8.%20Ei%20Sandi%20Sett_0.pdf,Ecotourism and Community Development: A Case Study in Myanmar’s Inle Lake Wildlife Sanctuary
133,Leaflet No.7. Inkyin Khaing.pdf,https://www.forestdepartment.gov.mm/sites/default/files/Research%20Books%20file/Leaflet%20No.7.%20Inkyin%20Khaing.pdf,Assessment of the Environmental Awareness of Local People Living in and around Forests in Myanmar: A Case Study in Yaedashae and Pauk-kaung Townships
134,Leaflet No.6.Tin Min Maung.pdf,https://www.forestdepartment.gov.mm/sites/default/files/Research%20Books%20file/Leaflet%20No.6.Tin%20Min%20Maung.pdf,Assessing Good Governance in Community and Traditionally Managed Forests in Nyaung Oo Township
135,Leaflet No.5.Thida Swe.pdf,https://www.forestdepartment.gov.mm/sites/default/files/Research%20Books%20file/Leaflet%20No.5.Thida%20Swe_0.pdf,Carbon Stock determination in Peat Soil of Heho Valley Peatland Area
136,Leaflet No.4. Dr.Nyaunt Khaing.pdf,https://www.forestdepartment.gov.mm/sites/default/files/Research%20Books%20file/Leaflet%20No.4.%20Dr.Nyaunt%20Khaing_0.pdf,Composition and Structure of Dry Deciduous Forests in Central Myanmar
137,Leaflet No.4. Dr.Nyaunt Khaing.pdf,https://www.forestdepartment.gov.mm/sites/default/files/Research%20Books%20file/Leaflet%20No.4.%20Dr.Nyaunt%20Khaing.pdf,Composition and Structure of Dry Deciduous Forests in Central Myanmar
138,Leaflet No.3. Dr Chaw Chaw Sein.pdf,https://www.forestdepartment.gov.mm/sites/default/files/Research%20Books%20file/Leaflet%20No.3.%20Dr%20Chaw%20Chaw%20Sein.pdf,Investigation on the Optimum Thinning Regime for Tectona grandis (teak) Plantation in the Oaktwin Township
139,Leaflet No.2.Yan Myo Naing.pdf,https://www.forestdepartment.gov.mm/sites/default/files/Research%20Books%20file/Leaflet%20No.2.Yan%20Myo%20Naing.pdf,"Construction of Standard Volume Table: A Case Study in Three Teak Plantations with Different Ages in Bago Township, Bago District, Bago Region, Myanmar"
140,Leaflet No.1. Dr Kyaw Tint.pdf,https://www.forestdepartment.gov.mm/sites/default/files/Research%20Books%20file/Leaflet%20No.1.%20Dr%20Kyaw%20Tint.pdf,Modifying Myanma Selection System
141,Leaflet No.20.Aung Soe (Kiln Schedule).pdf,https://www.forestdepartment.gov.mm/sites/default/files/Research%20Books%20file/Leaflet%20No.20.Aung%20Soe%20%28Kiln%20Schedule%29.pdf,Study on Proposed Kiln Schedule of Some Commercial Hardwood Species from Tanintharyi Region
142,Leaflet No.19.Cho Cho Win(Bamboo).pdf,https://www.forestdepartment.gov.mm/sites/default/files/Research%20Books%20file/Leaflet%20No.19.Cho%20Cho%20Win%28Bamboo%29.pdf,Investigation on the Effectiveness of Preservation Methods on Natural Durability of Some Myanmar Important Bamboo Species
143,Leaflet No.18. Thida Cho(Sagawar).pdf,https://www.forestdepartment.gov.mm/sites/default/files/Research%20Books%20file/Leaflet%20No.18.%20Thida%20Cho%28Sagawar%29.pdf,"Isolation of Medicinal Quercetin Compound from Plant extracts (Leaves,Stem-bark) of “Sagawa” (Micheliachampaca Linn)"
144,Leaflet No.17. Cho Cho Myint.pdf,https://www.forestdepartment.gov.mm/sites/default/files/Research%20Books%20file/Leaflet%20No.17.%20Cho%20Cho%20Myint.pdf,"Study on Wood Anatomical Characters, Physical and Mechanical Properties of Cherry‐Bo (Betula alnoides Han.) and Tayok‐ Khaung‐Bin (Taiwania cryptomerioides Hayata)"
145,Leaflet No.16. Thida Cho( IN).pdf,https://www.forestdepartment.gov.mm/sites/default/files/Research%20Books%20file/Leaflet%20No.16.%20Thida%20Cho%28%20IN%29_0.pdf,Study on the Production Methods of In‐Resin(Dipterocarpustuberculatus) and their Chemical properties
146,Leaflet No.15. Myint Myint San.pdf,https://www.forestdepartment.gov.mm/sites/default/files/Research%20Books%20file/Leaflet%20No.15.%20Myint%20Myint%20San_0.pdf,"Preliminary study on medicinal values and phyto- chemicals of the Anoectochilus albolineatus Parish& Rchb.f. in Kutkai Township, Northern Shan State"
147,Leaflet No.14.Yi Yi Han.pdf,https://www.forestdepartment.gov.mm/sites/default/files/Research%20Books%20file/Leaflet%20No.14.Yi%20Yi%20Han.pdf,Morphology and anatomy of four species of the genus Acacia from dry zone of Myanmar
148,Leaflet No.13.Kyaw Win Maung.pdf,https://www.forestdepartment.gov.mm/sites/default/files/Research%20Books%20file/Leaflet%20No.13.Kyaw%20Win%20Maung.pdf,Investigation of Morphological and Stem Anatomical Features of Five Rattan Species Growing in Ayeyarwady Region
149,Leaflet No.12.ChoChoWin (Eucalyptu).pdf,https://www.forestdepartment.gov.mm/sites/default/files/Research%20Books%20file/Leaflet%20No.12.ChoChoWin%20%28Eucalyptu%29.pdf,Investigation on the Effects of Wood Preservatives on the Natural Durability of Eucalyptus camaldulensis
150,Leaflet No.11.Aung Soe(Eucalyptu).pdf,https://www.forestdepartment.gov.mm/sites/default/files/Research%20Books%20file/Leaflet%20No.11.Aung%20Soe%28Eucalyptu%29.pdf,Study on the Status of Eucalypt Houses
151,Leaflet No.10.Dr_.Chaw Chaw Sein.pdf,https://www.forestdepartment.gov.mm/sites/default/files/Research%20Books%20file/Leaflet%20No.10.Dr_.Chaw%20Chaw%20Sein.pdf,"Investigation on Tree Species Composition and Above-ground Biomass, Tree Growth and Productivity after Seven Years of Rehabilitation through Natural Means in the Ngahlaingsan Degraded Forests"
152,Leaflet No.9.Dr_.Nyunt Khaing.pdf,https://www.forestdepartment.gov.mm/sites/default/files/Research%20Books%20file/Leaflet%20No.9.Dr_.Nyunt%20Khaing_0.pdf,Performance of Native Tree Species to Dry land Environmental Stresses
153,Leaflet No.9.Dr_.Nyunt Khaing.pdf,https://www.forestdepartment.gov.mm/sites/default/files/Research%20Books%20file/Leaflet%20No.9.Dr_.Nyunt%20Khaing.pdf,Performance of Native Tree Species to Dry land Environmental Stresses
154,Leaflet No.8. Thida Swe (Inlay).pdf,https://www.forestdepartment.gov.mm/sites/default/files/Research%20Books%20file/Leaflet%20No.8.%20Thida%20Swe%20%28Inlay%29.pdf,Assessment of water quality of Inlay Lake
155,Leaflet No.7.Khin Mar Myint.pdf,https://www.forestdepartment.gov.mm/sites/default/files/Research%20Books%20file/Leaflet%20No.7.Khin%20Mar%20Myint.pdf,Comparative Study on the Control Measures of Teak Beehole Borer Xyleutes ceramicus Wlk. (Lepidoptera: Cossidae) in Teak Plantation at Katha District
156,Leaflet No.6.WaiWaiThan.pdf,https://www.forestdepartment.gov.mm/sites/default/files/Research%20Books%20file/Leaflet%20No.6.WaiWaiThan.pdf,Examination of Fungi Species found in naturally infected Agar Wood from Some Localities of Myanmar
157,Leaflet No.5.Dr_. Yazar Min.pdf,https://www.forestdepartment.gov.mm/sites/default/files/Research%20Books%20file/Leaflet%20No.5.Dr_.%20Yazar%20Min.pdf,Genetic Variation of Teak (Tectona grandis Linn. f.) in Myanmar revealed by Amplified Fragment Length Polymorphisms (AFLPs)
158,Leaflet No.4.Zar Chi Hlaing.pdf,https://www.forestdepartment.gov.mm/sites/default/files/Research%20Books%20file/Leaflet%20No.4.Zar%20Chi%20Hlaing_0.pdf,"The growth of Teak (Tectona grandis Linn.f) plantations at the age of 10, 15 and 20 years old in Bago and Paukkaung Townships"
159,Leaflet No.3.Thida Swe (teak).pdf,https://www.forestdepartment.gov.mm/sites/default/files/Research%20Books%20file/Leaflet%20No.3.Thida%20Swe%20%28teak%29.pdf,Tree Ring Analysis on Teak (Tectonagrandis) Linn F. in Myanmar
160,Leaflet No.2.Dr_.Rosy_.pdf,https://www.forestdepartment.gov.mm/sites/default/files/Research%20Books%20file/Leaflet%20No.2.Dr_.Rosy_.pdf,"The Effect of Selective Logging on stand structure and regeneration of Teak Bearing Forests in the Kabaung Reserved Forest, Bago Mountains, Myanmar"
161,Leaflet No.1. Dr Tin Min Mg.pdf,https://www.forestdepartment.gov.mm/sites/default/files/Research%20Books%20file/Leaflet%20No.1.%20Dr%20Tin%20Min%20Mg.pdf,Facilitating Public Private Community Partnership for Effective Governance of Vulnerable Forest Lands
162,Leaflet No. 12-2012.pdf,https://www.forestdepartment.gov.mm/sites/default/files/Research%20Books%20file/Leaflet%20No.%2012-2012.pdf,Utilization Potential of Eucalyptus camaldulensis Dehn. as a Construction Material
163,Leaflet No. 11-2012.pdf,https://www.forestdepartment.gov.mm/sites/default/files/Research%20Books%20file/Leaflet%20No.%2011-2012.pdf,Study on Shoot and Culm Development of Hmyin (Dendrocalamus strictus (Roxb.) Nees) in Old Aged Bamboo Plantation in Moeswe
164,Leaflet No. 10-2012.pdf,https://www.forestdepartment.gov.mm/sites/default/files/Research%20Books%20file/Leaflet%20No.%2010-2012.pdf,The Effect of Different Pretreatments on the Germination of Aleurites montana (Lour.) Wils. and Aleurites moluccana (L.) Willd.
165,Leaflet No. 9-2012.pdf,https://www.forestdepartment.gov.mm/sites/default/files/Research%20Books%20file/Leaflet%20No.%209-2012.pdf,Study on The Effect of Fertilizer Application in Tung -Oil (Aleurites montana (Lour.) Wils) Plantation
166,Leaflet No. 8-2012.pdf,https://www.forestdepartment.gov.mm/sites/default/files/Research%20Books%20file/Leaflet%20No.%208-2012_0.pdf,A Follow-up Study on Provenance Trial of Teak
167,Leaflet No. 7-2012.pdf,https://www.forestdepartment.gov.mm/sites/default/files/Research%20Books%20file/Leaflet%20No.%207-2012.pdf,"Assessment of Teak (Tectona grandis Linn.f) Provenance Test in the Bago Yoma Region, Myanmar"
168,Leaflet No. 6-2012.pdf,https://www.forestdepartment.gov.mm/sites/default/files/Research%20Books%20file/Leaflet%20No.%206-2012.pdf,Decay Resistance of Acetylated Three Lesser Used Timber Species of Myanmar
169,Leaflet No. 5-2012.pdf,https://www.forestdepartment.gov.mm/sites/default/files/Research%20Books%20file/Leaflet%20No.%205-2012_0.pdf,"Comparison of the effectiveness of weeding methods to control Forest Invasive Species, Pennisetum grass in Teak plantation"
170,Leaflet No. 4-2012.pdf,https://www.forestdepartment.gov.mm/sites/default/files/Research%20Books%20file/Leaflet%20No.%204-2012_0.pdf,A Proposal for the Sustainable Socioeconomic Development of Plantation Villagers in Myanmar
171,Leaflet No. 3-2012.pdf,https://www.forestdepartment.gov.mm/sites/default/files/Research%20Books%20file/Leaflet%20No.%203-2012.pdf,Carbon Sequestration of Pure Teak (Tectona grandis Linn f.) and Mixed Species Plantations in Bago Yoma Region of Myanmar
172,Leaflet No. 2-2012.pdf,https://www.forestdepartment.gov.mm/sites/default/files/Research%20Books%20file/Leaflet%20No.%202-2012.pdf,Assessment of forest cover dynamics and their driving forces in Kabaung Reserved Forest using remote sensing and GIS
173,Leaflet No. 1-2012.pdf,https://www.forestdepartment.gov.mm/sites/default/files/Research%20Books%20file/Leaflet%20No.%201-2012_0.pdf,Survey on Application of Current Research Activities to Support Future Research Program in Forestry Sector
174,Leaflet No. 19 _2009_.pdf,https://www.forestdepartment.gov.mm/sites/default/files/Research%20Books%20file/Leaflet%20No.%2019%20_2009__0.pdf,Study on Effective Treatment for Production of “Teak oil” (Teak varnish) from Tung oil
175,Leaflet No. 18 _2009_.pdf,https://www.forestdepartment.gov.mm/sites/default/files/Research%20Books%20file/Leaflet%20No.%2018%20_2009_.pdf,Preliminary Survey on the Infestation of Insect Pests on the Nursery and Plantation of Tung Oil Tree (Aleurites montana (Lour.) E.H.Wils) in Northern Shan State
176,Leaflet No. 17 _2009_.pdf,https://www.forestdepartment.gov.mm/sites/default/files/Research%20Books%20file/Leaflet%20No.%2017%20_2009__0.pdf,Development of Rooted Cutting Method for Vegetative Propagation of Aleurites montana (Lour.) E.H.Wils.
177,Leaflet No. 16 _2009_.pdf,https://www.forestdepartment.gov.mm/sites/default/files/Research%20Books%20file/Leaflet%20No.%2016%20_2009__0.pdf,Identification and Salient characteristics of Tung Oil Trees in Myanmar
178,Leaflet No. 15 _2009_.pdf,https://www.forestdepartment.gov.mm/sites/default/files/Research%20Books%20file/Leaflet%20No.%2015%20_2009__0.pdf,"Comparative study on root development of teak (Tectona grandis L.f.) for different propagation methods (tissue culture, rooted cutting, seedling) at different stages"
179,Leaflet No. 14 _2009_.pdf,https://www.forestdepartment.gov.mm/sites/default/files/Research%20Books%20file/Leaflet%20No.%2014%20_2009__0.pdf,"Preliminary Survey on Medicinal Values of Some Dendrobium Species Occurring in Kutkai Township, Northern Shan State"
180,Leaflet No. 13 _2009_.pdf,https://www.forestdepartment.gov.mm/sites/default/files/Research%20Books%20file/Leaflet%20No.%2013%20_2009__0.pdf,Collecting Information of Health Problems of Some Exotic Forest Trees and Agricultural Crops in Myanmar
181,Leaflet No. 12 _2009_.pdf,https://www.forestdepartment.gov.mm/sites/default/files/Research%20Books%20file/Leaflet%20No.%2012%20_2009_.pdf,Utilization Potential of Sawmill Residues for Particleboard Manufacturing in Myanmar
182,Leaflet No. 11_2009_.pdf,https://www.forestdepartment.gov.mm/sites/default/files/Research%20Books%20file/Leaflet%20No.%2011_2009_.pdf,"Preliminary Screening and Categorization of Forestry Related Literatures ( Technical, Books, Article, etc.) in Myanmar"
183,Leaflet No. 10 _2009_.pdf,https://www.forestdepartment.gov.mm/sites/default/files/Research%20Books%20file/Leaflet%20No.%2010%20_2009__0.pdf,"A study on morphology and anatomy of two Myanmar Timber species of the genus Dipterocarpus, D. tuberculatus Roxb. and D. turbinatus Gaertn. f."
184,Leaflet No. 09 _2009_.pdf,https://www.forestdepartment.gov.mm/sites/default/files/Research%20Books%20file/Leaflet%20No.%2009%20_2009_.pdf,Study on Soil Nitrogen Enrichment in Mixed Species Trial with Teak (Tectona grandis Linn.f.)
185,Leaflet No. 08_2009_(U Myo Myint).pdf,https://www.forestdepartment.gov.mm/sites/default/files/Research%20Books%20file/Leaflet%20No.%2008_2009_%28U%20Myo%20Myint%29.pdf,"The Analysis on the Status, Care and Management of Elephants in Myanmar"
186,"Leaflet No. 07 _2009_(U Than Soe Oo,FD,Mandalay).pdf",https://www.forestdepartment.gov.mm/sites/default/files/Research%20Books%20file/Leaflet%20No.%2007%20_2009_%28U%20Than%20Soe%20Oo%2CFD%2CMandalay%29.pdf,Comparison of Growth Performances of Teak (Tectona grandis Linn. f.) and Padauk (Pterocarpus macrocarpus Kurz.) by Line Enrichment Planting in Ngalaik Reserved Forest
187,Leaflet No. 06 _2009_.pdf,https://www.forestdepartment.gov.mm/sites/default/files/Research%20Books%20file/Leaflet%20No.%2006%20_2009_.pdf,Drying Behaviour of Bawzagaing (Leucaena leucocephala) and Eucalypt (Eucalyptus camaldulensis)
188,Leaflet No. 05 _2009_.pdf,https://www.forestdepartment.gov.mm/sites/default/files/Research%20Books%20file/Leaflet%20No.%2005%20_2009_.pdf,Utilization-oriented Technological Properties of Two Myanmar Bamboo species
189,Leaflet No. 04 _2009_.pdf,https://www.forestdepartment.gov.mm/sites/default/files/Research%20Books%20file/Leaflet%20No.%2004%20_2009_.pdf,Study on Effects of Community Forest on Microclimate and Socioeconomic Conditions with Special Reference to Central Dry Zone of Myanmar
190,Leaflet No. 03 _2009_.pdf,https://www.forestdepartment.gov.mm/sites/default/files/Research%20Books%20file/Leaflet%20No.%2003%20_2009_.pdf,Study on the production of wood adhesive from Cashew nut shell oil
191,"Leaflet No. 02 _2009_(Dr. Min Thant Zin,UOF).pdf",https://www.forestdepartment.gov.mm/sites/default/files/Research%20Books%20file/Leaflet%20No.%2002%20_2009_%28Dr.%20Min%20Thant%20Zin%2CUOF%29_0.pdf,Livelihood Assessment in support to Formulation of Buffer Zone Management for the Tanintharyi Nature Reserve
192,Leaflet No. 01 _2009_.pdf,https://www.forestdepartment.gov.mm/sites/default/files/Research%20Books%20file/Leaflet%20No.%2001%20_2009_.pdf,"The Preliminary Study on DC Power Generation by Using The Dung of Elephant, Buffalo and Cow"
193,"11-2008(Daw Thandar Aye,UOF).pdf",https://www.forestdepartment.gov.mm/sites/default/files/Research%20Books%20file/11-2008%28Daw%20Thandar%20Aye%2CUOF%29.pdf,An Investigation on Some Physical and Mechanical Properties of Plantation Grown Paduak
194,10-2008.pdf,https://www.forestdepartment.gov.mm/sites/default/files/Research%20Books%20file/10-2008.pdf,"Density, Specific Gravity and Dimensional Stability of Seventy- Five Timber Species in Myanmar"
195,9-2008.pdf,https://www.forestdepartment.gov.mm/sites/default/files/Research%20Books%20file/9-2008.pdf,Investigation on Physical and Mechanical Properties of Some Myanmar Bamboo Species
196,8-2008.pdf,https://www.forestdepartment.gov.mm/sites/default/files/Research%20Books%20file/8-2008_0.pdf,Investigation on Chemical Properties of Some Myanmar Bamboo Species
197,6-2008.pdf,https://www.forestdepartment.gov.mm/sites/default/files/Research%20Books%20file/6-2008.pdf,Study on the Relationship between Plant and Soil Water Potential to Estimate Growth Pattern of Some Drought Resistant Tree Species in Dry Zone Areas
198,5-2008.pdf,https://www.forestdepartment.gov.mm/sites/default/files/Research%20Books%20file/5-2008.pdf,"Study on potentialities of community forestry with special emphasis on rural development and plant species conservation: a case study in Ywa-ngan Township, Shan State"
199,4-2008.pdf,https://www.forestdepartment.gov.mm/sites/default/files/Research%20Books%20file/4-2008.pdf,Socio-economic and Environmental Conditions of Forest Dependent Local Communities A Case Study: Sinthe Dam Watershed Area in Tatkon Township
200,3-2008.pdf,https://www.forestdepartment.gov.mm/sites/default/files/Research%20Books%20file/3-2008.pdf,"The production of Rhizobium, Bio-fertilizer in the treatment to enhance the growth of commercially important Padauk and Pyinkado seedlings"
201,2-2008.pdf,https://www.forestdepartment.gov.mm/sites/default/files/Research%20Books%20file/2-2008.pdf,Study on Relationship between Soil Reaction (pH) and Nutrient Contents of Soils in Dry Zone Areas
202,1-2008.pdf,https://www.forestdepartment.gov.mm/sites/default/files/Research%20Books%20file/1-2008.pdf,"Species Composition and Stand Structure of Mangrove Forest in Relation with Soil Condition in Kadon Kani Reserved Forest, Bogalay Township"
203,Dr.Min Thant Zin.pdf,https://www.forestdepartment.gov.mm/sites/default/files/Research%20Books%20file/Dr.Min%20Thant%20Zin_0.pdf,Development of an Individual Tree Growth Model for Natural Teak (Tectona grandis Linn.)
204,012(2006).pdf,https://www.forestdepartment.gov.mm/sites/default/files/Research%20Books%20file/012%282006%29.pdf,Preliminary Study on the Natural Durability of Lesser-Known Wood Species
205,11(2006).pdf,https://www.forestdepartment.gov.mm/sites/default/files/Research%20Books%20file/11%282006%29.pdf,"Natural Incidence, Biological Study and Control of Some Insect Pests in Terminalia belerica Roxb."
206,10(2006).pdf,https://www.forestdepartment.gov.mm/sites/default/files/Research%20Books%20file/10%282006%29.pdf,"The Studies on the Morphology and the Anatomy of the Leaf and the Wood of the Myanmar species Thitya, Shorea obtusa Wall. and Myanmar Ingyin, Shorea siamensis Miq."
207,09(2006).pdf,https://www.forestdepartment.gov.mm/sites/default/files/Research%20Books%20file/09%282006%29.pdf,"Seasonal Soil Moisture Variations at Pyinmana, Meiktila & Nyaung -Oo Sites"
208,08(2006).pdf,https://www.forestdepartment.gov.mm/sites/default/files/Research%20Books%20file/08%282006%29.pdf,Surface Soil Wash due to Forest Degradation in Ngalaik Watershed Area
209,07(2006).pdf,https://www.forestdepartment.gov.mm/sites/default/files/Research%20Books%20file/07%282006%29_0.pdf,Assessment on Plant Biodiversity of the Alaungdaw Kathapa National Park in Myanmar
210,06(2006).pdf,https://www.forestdepartment.gov.mm/sites/default/files/Research%20Books%20file/06%282006%29_0.pdf,"Soil Conditions of Degraded Natural Forest and Teak Plantations with Particular Reference to Ngalaik Reserved Forest, Pyinmana"
211,05(2006).pdf,https://www.forestdepartment.gov.mm/sites/default/files/Research%20Books%20file/05%282006%29_0.pdf,Yield Tables for Plantations of Xylia xylocarpa (Pyinkado) in Myanmar
212,04(2006).pdf,https://www.forestdepartment.gov.mm/sites/default/files/Research%20Books%20file/04%282006%29_0.pdf,Restoration of degraded forest ecosystems with special emphasis on stand structure analysis and enrichment planting techniques
213,03(2006).pdf,https://www.forestdepartment.gov.mm/sites/default/files/Research%20Books%20file/03%282006%29_0.pdf,"Investigation on Chemical, Physical and Mechanical Properties of Some Myanmar Bamboo Species"
214,11(2004).pdf,https://www.forestdepartment.gov.mm/sites/default/files/Research%20Books%20file/11%282004%29.pdf,PRELIMINARY STUDY ON PHYSICAL AND MECHANICAL PROPERTIES OF YINMA (CHUKRASIA VELUTINA)
215,10(2004).pdf,https://www.forestdepartment.gov.mm/sites/default/files/Research%20Books%20file/10%282004%29.pdf,THE EFFECTIVENESS OF BFCA AND CCA WOOD PRESERVATIVES ON THE DURABILITY OF TEN LESSER-USED TIMBER SPECIES OF MYANMAR
216,10(2004).pdf,https://www.forestdepartment.gov.mm/sites/default/files/Research%20Books%20file/10%282004%29.pdf,THE EFFECTIVENESS OF BFCA AND CCA WOOD PRESERVATIVES ON THE DURABILITY OF TEN LESSER-USED TIMBER SPECIES OF MYANMAR
217,09(2004).pdf,https://www.forestdepartment.gov.mm/sites/default/files/Research%20Books%20file/09%282004%29.pdf,THE MORPHOLOGICAL AND ANATOMICAL CHARACTERISTICS OF SOME MANGROVES TREE SPECIES
218,08(2004).pdf,https://www.forestdepartment.gov.mm/sites/default/files/Research%20Books%20file/08%282004%29_0.pdf,GROWTH PERFORMANCE OF TEAK PROVENANCE TRIALS ESTABLISHED IN BAGO YOMA: EVALUATION AT THE 5TH YEAR AFTER PLANTING
219,07(2004).pdf,https://www.forestdepartment.gov.mm/sites/default/files/Research%20Books%20file/07%282004%29.pdf,APPLICATION OF RS/GIS FOR THE ASSESSMENT OF YEZIN DAM WATERSHED AREA
220,06(2004).pdf,https://www.forestdepartment.gov.mm/sites/default/files/Research%20Books%20file/06%282004%29.pdf,FURTHER INVESTIGATION INTO EFFECTIVE PLANTING TECHNIQUES FOR TEAK IN AREAS WITH DIFFERENT CLIMATIC CONDITIONS
221,05(2004).pdf,https://www.forestdepartment.gov.mm/sites/default/files/Research%20Books%20file/05%282004%29.pdf,PEOPLE PARTICIPATION THROUGH DECENTRALIZED FOREST MANAGEMENT TOWARDS SUSTAINABLE FORESTRY DEVELOPMENT – A RETROSPECTIVE REVIEW
222,04(2004).pdf,https://www.forestdepartment.gov.mm/sites/default/files/Research%20Books%20file/04%282004%29.pdf,STUDY ON THE CHANGES OF SOIL PROPERTIES IN AREA AFFECTED BY TAUNGYA METHOD
223,03(2004).pdf,https://www.forestdepartment.gov.mm/sites/default/files/Research%20Books%20file/03%282004%29.pdf,"A COMPARATIVE STUDY ON COMMUNITY FORESTRY DEVELOPMENT ACTIVITIES IN THREE DIFFERENT AGROECOLOGICAL ZONES: A CASE STUDY OF KYAUKPADAUNG, NYAUNG SHWE AND LAPUTTA TOWNSHIPS IN MYANMAR"
224,02(2004).pdf,https://www.forestdepartment.gov.mm/sites/default/files/Research%20Books%20file/02%282004%29.pdf,INVESTIGATION ON SHIFTING CULTIVATION PRACTICES CONDUCTED BY THE HILL TRIBES FOR THE DEVELOPMENT OF SUITABLE AGROFORESTRY TECHNIQUES IN MYANMAR
225,18(2003).pdf,https://www.forestdepartment.gov.mm/sites/default/files/Research%20Books%20file/18%282003%29.pdf,A STUDY ON MORPHOLOGICAL AND ANATOMICAL CHARACTERISTICS OF SOME SPECIES OF THE FAMILY CAPPARIDACEAE
226,016(2003).pdf,https://www.forestdepartment.gov.mm/sites/default/files/Research%20Books%20file/016%282003%29_0.pdf,A STUDY ON VARIATIONS IN PHYSICAL AND MECHANICAL PROPERTIES OF TWO MYANMAR LESSER-USED TIMBER SPECIES
227,014(2003).pdf,https://www.forestdepartment.gov.mm/sites/default/files/Research%20Books%20file/014%282003%29.pdf,PRELIMINARY INVESTIGATION OF COMMON DISEASES OF ACACIA SPECIES IN MYANMAR
228,013(2003).pdf,https://www.forestdepartment.gov.mm/sites/default/files/Research%20Books%20file/013%282003%29.pdf,"PRELIMINARY STUDIES ON INSECT VISITORS TO TEAK (TECTONA GRANDIS LINN. F) INFLORESCENCE IN LET-PANKHON TEAK CLONAL SEED ORCHARD, OKTWIN TOWNSHIP"
229,012(2003).pdf,https://www.forestdepartment.gov.mm/sites/default/files/Research%20Books%20file/012%282003%29_0.pdf,CLASSIFICATION OF MANGROVE VEGETATION COMMUNITIES IN AYEYARWADY DELTA USING LANDSAT ETM+ DATA
230,012(2003).pdf,https://www.forestdepartment.gov.mm/sites/default/files/Research%20Books%20file/012%282003%29.pdf,CLASSIFICATION OF MANGROVE VEGETATION COMMUNITIES IN AYEYARWADY DELTA USING LANDSAT ETM+ DATA
231,011(2003).pdf,https://www.forestdepartment.gov.mm/sites/default/files/Research%20Books%20file/011%282003%29.pdf,THE EFFECT OF RAINFALL ON THE RADIAL GROWTH AND LONG-TERM GROWTH PATTERNS OF TEAK (TECTONA GRANDIS LINN.F.) IN NATURAL FORESTS OF MYANMAR
232,010(2003).pdf,https://www.forestdepartment.gov.mm/sites/default/files/Research%20Books%20file/010%282003%29.pdf,STUDY ON EFFECT OF F.R.I. PRODUCED FERTILIZERS IN SPECIAL TEAK PLANTATION AND DRY ZONE GREENING AREAS
233,09(2003).pdf,https://www.forestdepartment.gov.mm/sites/default/files/Research%20Books%20file/09%282003%29.pdf,SILVICULTURAL ANALYSIS OF A DEGRADED FOREST THREE YEARS AFTER ENRICHMENT PLANTING: A CASE STUDY
234,08(2003).pdf,https://www.forestdepartment.gov.mm/sites/default/files/Research%20Books%20file/08%282003%29.pdf,SHOOT-CULM HEIGHT GROWTH OF THE MOST COMMERCIALLY IMPORTANT BAMBOO SPECIES OF MYANMAR
235,07(2003).pdf,https://www.forestdepartment.gov.mm/sites/default/files/Research%20Books%20file/07%282003%29.pdf,STUDY ON THE IMPROVE UTILIZATION OF BIOGAS AND BY-PRODUCT OF DIFFERENT RAW MATERIALS
236,6(2003).pdf,https://www.forestdepartment.gov.mm/sites/default/files/Research%20Books%20file/6%282003%29.pdf,INVESTIGATION INTO THE STRUCTURE AND COMPOSITION OF FOREST STANDS GROWING IN DIFFERENT TOPOGRAPHIC CONDITIONS
237,04(2003).pdf,https://www.forestdepartment.gov.mm/sites/default/files/Research%20Books%20file/04%282003%29.pdf,PRELIMINARY STUDIES ON THE ESTABLISHMENT OF SIMI-TAUK GLORIOSA SUPERBAL AND ITS SOCIO-ECONOMIC POTENTIAL
238,03(2003).pdf,https://www.forestdepartment.gov.mm/sites/default/files/Research%20Books%20file/03%282003%29.pdf,THE STUDY ON VEGETATIVE PROPAGATION BY SHOOT CUTTINGS OF TEAK AND SOME OTHER COMMERCIAL TREE SPECIES TO ENHANCE GENETIC CONSERVATION
239,2(2003).pdf,https://www.forestdepartment.gov.mm/sites/default/files/Research%20Books%20file/2%282003%29.pdf,A COMPARATIVE STUDY ON SOCIAL AND FINANCIAL CONTRIBUTIONS OF REMNANT NATURAL FORESTS AND PLANTATION FORESTS IN THE DRY ZONE; A CASE STUDY OF KYAUKPADAUNG AND TATKON TOWNSHIPS
240,Leaflet No. 4 _2002_.pdf,https://www.forestdepartment.gov.mm/sites/default/files/Research%20Books%20file/Leaflet%20No.%204%20_2002__0.pdf,The Morphological and Anatomical Characteristics of Twenty-Five Myanmar Timber Species ( Part II)
241,3(2002).pdf,https://www.forestdepartment.gov.mm/sites/default/files/Research%20Books%20file/3%282002%29.pdf,A Pharmacognostic Study on Ta-Bin-Shwe-Hti (Nervilia Aragoana Gaud.) And its’ Commercial Value (Part -I)
242,2 (2002).pdf,https://www.forestdepartment.gov.mm/sites/default/files/Research%20Books%20file/2%20%282002%29.pdf,Density and Specific Gravity of Fifty-Four Lesser- Used Timber Species of Myanmar
243,1(2002).pdf,https://www.forestdepartment.gov.mm/sites/default/files/Research%20Books%20file/1%282002%29.pdf,Preliminary Study on Effective Planting Techniques for Teak
244,7(2001).pdf,https://www.forestdepartment.gov.mm/sites/default/files/Research%20Books%20file/7%282001%29.pdf,"An Investigation on Morphology, Anatomy and Chemical Properties of Some Myanmar Bamboos"
245,6(2001).pdf,https://www.forestdepartment.gov.mm/sites/default/files/Research%20Books%20file/6%282001%29.pdf,Study on the Betterment of Fast Drying Quality of Myanmar Lacquer Through The Chemical Modification
246,4(2001).pdf,https://www.forestdepartment.gov.mm/sites/default/files/Research%20Books%20file/4%282001%29.pdf,Market Study on Myanma Lesser-Used Timber Species
247,3(2001).pdf,https://www.forestdepartment.gov.mm/sites/default/files/Research%20Books%20file/3%282001%29.pdf,Variation Studies of Different Pterocarpus Species Recorded in Myanmar
248,2(2001).pdf,https://www.forestdepartment.gov.mm/sites/default/files/Research%20Books%20file/2%282001%29.pdf,Estimation of Potential Germination Capacity of Teak (Tectona grandis Linn.f) Fruits from (10) Provenances by Cutting Test
249,1(2001).pdf,https://www.forestdepartment.gov.mm/sites/default/files/Research%20Books%20file/1%282001%29.pdf,Provenance Variation in Gmelina arborea
250,12(2000).pdf,https://www.forestdepartment.gov.mm/sites/default/files/Research%20Books%20file/12%282000%29.pdf,Comparative Study of Morphology and Anatomical Structure of 5 LKS (Lesser Known Species) of Myanmar
251,10(2000).pdf,https://www.forestdepartment.gov.mm/sites/default/files/Research%20Books%20file/10%282000%29.pdf,"Teak Rust Olivea Tectona : Occurrence, Epidemiology, Its Chemical Control In Vitro and Recation of Teak Clones and Provenances"
252,8(2000).pdf,https://www.forestdepartment.gov.mm/sites/default/files/Research%20Books%20file/8%282000%29.pdf,Study on the Removal of the Unpleasant Odor from the Coal Briquette
253,7(2000).pdf,https://www.forestdepartment.gov.mm/sites/default/files/Research%20Books%20file/7%282000%29.pdf,The Effect of Chemical Fertilizer Application on Eucalyptus Plantation at Dry Zone Greening Area
254,6(2000).pdf,https://www.forestdepartment.gov.mm/sites/default/files/Research%20Books%20file/6%282000%29_0.pdf,Survey on the Lesser Known Species of Medicinal Plants of East Yoma and the Socio-Economic Status of the Local Communities
255,5(2000).pdf,https://www.forestdepartment.gov.mm/sites/default/files/Research%20Books%20file/5%282000%29.pdf,Effect of Chemical Fertilizer Application in Special Teak Plantation
256,4(2000).pdf,https://www.forestdepartment.gov.mm/sites/default/files/Research%20Books%20file/4%282000%29.pdf,Comparative Performance of Teak ( Tecona grandis ) Provenance in Special Teak Plantations Particularly in Bago Yoma
257,3(2000).pdf,https://www.forestdepartment.gov.mm/sites/default/files/Research%20Books%20file/3%282000%29_0.pdf,"Enrichment Planting Study of Teak ( T. grandis linn.f. ) in Ngalaik Reserved Forest, Pyinmana"
258,10(1997).pdf,https://www.forestdepartment.gov.mm/sites/default/files/Research%20Books%20file/10%281997%29.pdf,A Preliminary Investigation on the Production of Bamboo Boards
259,9(1997).pdf,https://www.forestdepartment.gov.mm/sites/default/files/Research%20Books%20file/9%281997%29.pdf,A Study on the Morphology and Wood Anatomy of Some Myanmar Species of the Genus Quercus
260,8(1997).pdf,https://www.forestdepartment.gov.mm/sites/default/files/Research%20Books%20file/8%281997%29.pdf,"An Investigation on the Morphpological, Anatomical Characteristics and Uses of Some Myanmar Lesser Know Heavy Wood Species"
261,7(1997).pdf,https://www.forestdepartment.gov.mm/sites/default/files/Research%20Books%20file/7%281997%29.pdf,Testing the Method of Germination of Rattan Species
262,6(1997).pdf,https://www.forestdepartment.gov.mm/sites/default/files/Research%20Books%20file/6%281997%29.pdf,Plant Biodiversity of Mount Popa ( Part I )
263,5(1997).pdf,https://www.forestdepartment.gov.mm/sites/default/files/Research%20Books%20file/5%281997%29.pdf,Preliminary Study on the Outbreaks of Teak Defoliator ( Hyblaea puera ) in Teak Plantations
264,5(1997).pdf,https://www.forestdepartment.gov.mm/sites/default/files/Research%20Books%20file/5%281997%29.pdf,Preliminary Study on the Outbreaks of Teak Defoliator ( Hyblaea puera ) in Teak Plantations
265,4(1997).pdf,https://www.forestdepartment.gov.mm/sites/default/files/Research%20Books%20file/4%281997%29_0.pdf,Comparative Study on the Effect of Different Ratios of Soil and Manure on the Nursery Growth of Some Commercial Hard - Wood and Dry Zone Forest Species
266,3(1997).pdf,https://www.forestdepartment.gov.mm/sites/default/files/Research%20Books%20file/3%281997%29.pdf,The Properties and Utilization of Soilin the Greening Project for the NineCritical Districts of the Arid Zone of Central Myanmar ( Part II )
267,2(1997).pdf,https://www.forestdepartment.gov.mm/sites/default/files/Research%20Books%20file/2%281997%29.pdf,Evaluation of the Provenance Trials of Some Tropical Pine Species in Shan State and Pyin-Oo-Lwin Township
268,1(1997).pdf,https://www.forestdepartment.gov.mm/sites/default/files/Research%20Books%20file/1%281997%29.pdf,Preliminary Study on Coppice Thinning Trial of Bawzagaing ( Leucaena Leucocephala ) After First Rotation
269,12(1996).pdf,https://www.forestdepartment.gov.mm/sites/default/files/Research%20Books%20file/12%281996%29_0.pdf,The Study of Morphological and Anatomical Characteristics of Five Species of the Family Anacardiaceae
270,11(1996).pdf,https://www.forestdepartment.gov.mm/sites/default/files/Research%20Books%20file/11%281996%29.pdf,Studies on the Macroscopic and Microscopic Characters of some Leaves used in Indigenous Medicine of Myanmar
271,10(1996).pdf,https://www.forestdepartment.gov.mm/sites/default/files/Research%20Books%20file/10%281996%29.pdf,Production of Tannin Formaldehyde Wood Adhesive For Water-Proof Particle Boards
272,9(1996).pdf,https://www.forestdepartment.gov.mm/sites/default/files/Research%20Books%20file/9%281996%29.pdf,A Study on the Formation of Floating Islands of Inle-Lake from Botanical Point of View
273,8(1996).pdf,https://www.forestdepartment.gov.mm/sites/default/files/Research%20Books%20file/8%281996%29.pdf,"Site Preparations, Species and Spacing Trials For Pulpwood Plantations"
274,7(1996).pdf,https://www.forestdepartment.gov.mm/sites/default/files/Research%20Books%20file/7%281996%29.pdf,Fertilizer Application on Acacia Senegal Plantation
275,6(1996).pdf,https://www.forestdepartment.gov.mm/sites/default/files/Research%20Books%20file/6%281996%29.pdf,Study on the Regeneration Improvement Felling at Mangrove Forests in Ayeyarwady Delta
276,5(1996).pdf,https://www.forestdepartment.gov.mm/sites/default/files/Research%20Books%20file/5%281996%29.pdf,Experiment of Seedling Ages and Sizes which should be Used in Establishment of Pine Plantations
277,5(1996).pdf,https://www.forestdepartment.gov.mm/sites/default/files/Research%20Books%20file/5%281996%29.pdf,Experiment of Seedling Ages and Sizes which should be Used in Establishment of Pine Plantations
278,4(1996).pdf,https://www.forestdepartment.gov.mm/sites/default/files/Research%20Books%20file/4%281996%29.pdf,Vegetative Propagation of Padauk (Pterocarpus macrocarpus Kurz.) for Establishment of Seed Orchard and Plantation (A Preliminary Test)
279,3(1996).pdf,https://www.forestdepartment.gov.mm/sites/default/files/Research%20Books%20file/3%281996%29_0.pdf,Vegetative Propagation of Bamboo As A Raw Material For Paper Mill
280,2(1996).pdf,https://www.forestdepartment.gov.mm/sites/default/files/Research%20Books%20file/2%281996%29.pdf,The Properties and Utilization of Soils in the Greening Project for the Nine Critical Districts of the Arid Zone of Central Myanmar (Part 1)
281,14(1995).pdf,https://www.forestdepartment.gov.mm/sites/default/files/Research%20Books%20file/14%281995%29.pdf,Study on the Production Method and Yield of Gum from Acacia senegal
282,13(1995).pdf,https://www.forestdepartment.gov.mm/sites/default/files/Research%20Books%20file/13%281995%29.pdf,A Comparative Study on The Effectiveness of Oil-Borne Preservatives Used in Myanmar Railways on Wood Decay Fungi
283,11(1995).pdf,https://www.forestdepartment.gov.mm/sites/default/files/Research%20Books%20file/11%281995%29.pdf,Laboratory Preparation of Wood Preservatives Using Locally Available Mineral Resources
284,9(1995).pdf,https://www.forestdepartment.gov.mm/sites/default/files/Research%20Books%20file/9%281995%29_0.pdf,In Investigation on Morphological and Anatomical Characteristics of Some Myanmar Fuelwood Timber Species
285,7(1995).pdf,https://www.forestdepartment.gov.mm/sites/default/files/Research%20Books%20file/7%281995%29.pdf,Regeneration of Rattan Stumps a Preliminary Survey
286,6(1995).pdf,https://www.forestdepartment.gov.mm/sites/default/files/Research%20Books%20file/6%281995%29.pdf,Preliminary Study on the Stripped Cropping with Forest Plantation in Ywa-Ngan Township Southern Shan State
287,5(1995).pdf,https://www.forestdepartment.gov.mm/sites/default/files/Research%20Books%20file/5%281995%29.pdf,The Effect on Different Refilling Methods of Site Preparation on Growth And Survival of Eucalyptus camaldulensis in the Central Dry Zone of Myanmar
288,4(1995).pdf,https://www.forestdepartment.gov.mm/sites/default/files/Research%20Books%20file/4%281995%29.pdf,Trial Planting of Acacia holosericea Species in the Central Dry Zone of Myanmar.
289,2(1995).pdf,https://www.forestdepartment.gov.mm/sites/default/files/Research%20Books%20file/2%281995%29.pdf,A Critical Review of the Silvicultural Treatments of the Teak- Bearing Forests of the Bago Yoma with Some Suggested Remedial Treatments
290,1(1995).pdf,https://www.forestdepartment.gov.mm/sites/default/files/Research%20Books%20file/1%281995%29.pdf,Rehabilitation of Valuable Natural Forests with Farmers Participation
291,13(1994).pdf,https://www.forestdepartment.gov.mm/sites/default/files/Research%20Books%20file/13%281994%29.pdf,Study on the Selective Logging of Non-Teak Hardwoods in the Bago and Yangon Divisions
292,11(1994).pdf,https://www.forestdepartment.gov.mm/sites/default/files/Research%20Books%20file/11%281994%29.pdf,Studies on Morphology and Histology of Some Medicinal Plant Parts on Sale in Mandalay
293,10(1994).pdf,https://www.forestdepartment.gov.mm/sites/default/files/Research%20Books%20file/10%281994%29.pdf,The Morphological and Anatomical Characteristics of Woody Leguminosae I
294,8(1994).pdf,https://www.forestdepartment.gov.mm/sites/default/files/Research%20Books%20file/8%281994%29.pdf,"Production of Seed Lac, Shellac and Bleached Lac from Indigenous Raw Lac"
295,7(1994).pdf,https://www.forestdepartment.gov.mm/sites/default/files/Research%20Books%20file/7%281994%29.pdf,Study on the Quality of Gum from Acacia Senegal
296,6(1994).pdf,https://www.forestdepartment.gov.mm/sites/default/files/Research%20Books%20file/6%281994%29.pdf,Utilization Potential of Some Commercially Less Acceptable Species
297,5(1994).pdf,https://www.forestdepartment.gov.mm/sites/default/files/Research%20Books%20file/5%281994%29.pdf,Study on the Physical and Chemical Properties of Some Laterite and Lateritic Forest Soils
298,4(1994).pdf,https://www.forestdepartment.gov.mm/sites/default/files/Research%20Books%20file/4%281994%29.pdf,Vegetative Propagation of Teak [ Tectona Grandis] by Branch Cuttings
299,3(1994).pdf,https://www.forestdepartment.gov.mm/sites/default/files/Research%20Books%20file/3%281994%29.pdf,Further Investigation On Treatment Response Of Planted Padauk [Pterocarpus Macrocarpus Kurz.]
300,1(1994).pdf,https://www.forestdepartment.gov.mm/sites/default/files/Research%20Books%20file/1%281994%29.pdf,The Problems of Natural Regeneration of Teak in the Lower Reaches of Bago Yoma Particularly in the South Zamayi and North Zamayi Reserved Forests
301,11(1992).pdf,https://www.forestdepartment.gov.mm/sites/default/files/Research%20Books%20file/11%281992%29.pdf,Some Physical and Chemical Properties of Surface Soils (Phugyi Dam Watershed)
302,10(1992).pdf,https://www.forestdepartment.gov.mm/sites/default/files/Research%20Books%20file/10%281992%29.pdf,A Comparative Study on the Durability of Earth-Oil and CCA Treated Timbers
303,9(1992).pdf,https://www.forestdepartment.gov.mm/sites/default/files/Research%20Books%20file/9%281992%29.pdf,"Should We Still to Traditional Methods of Forestry Planning? If Not, Why Not? How Should We Improve It?"
304,8(1992).pdf,https://www.forestdepartment.gov.mm/sites/default/files/Research%20Books%20file/8%281992%29.pdf,Preliminary Report on Vegetation and Flora of Mount Popa
305,7(1992).pdf,https://www.forestdepartment.gov.mm/sites/default/files/Research%20Books%20file/7%281992%29.pdf,"Growth Rates, Stem form and Branching Characteristics of Some Exotic Tropical Pines in the Shan State"
306,6(1992).pdf,https://www.forestdepartment.gov.mm/sites/default/files/Research%20Books%20file/6%281992%29.pdf,Study on the Effect of Different Weeding Methods on the Growth of Teak Plantation
307,5(1992).pdf,https://www.forestdepartment.gov.mm/sites/default/files/Research%20Books%20file/5%281992%29.pdf,Study on the Heat Utilization Efficiency of Improved Cookstoves
308,4(1992).pdf,https://www.forestdepartment.gov.mm/sites/default/files/Research%20Books%20file/4%281992%29.pdf,Shoot Borers of Pinus Khasya Royle Ex Gord. in Forest Plantations in Myanmar Part I Distribution and Biology
309,3(1992).pdf,https://www.forestdepartment.gov.mm/sites/default/files/Research%20Books%20file/3%281992%29.pdf,Design and Construction of Commercial-Sized Solar Lumber Dryers and Study on Its’ Application
310,9(1991).pdf,https://www.forestdepartment.gov.mm/sites/default/files/Research%20Books%20file/9%281991%29.pdf,Wood Fluorescence of Indigenous Myanmar Timbers
311,8(1991).pdf,https://www.forestdepartment.gov.mm/sites/default/files/Research%20Books%20file/8%281991%29.pdf,Natural Durability of Ten Heartwood Species and Effectiveness of BFCA on Trametes cingulata
312,7(1991).pdf,https://www.forestdepartment.gov.mm/sites/default/files/Research%20Books%20file/7%281991%29.pdf,Optimum Moisture Contents of Four Commercial Myanmar Timbers for Three Different Environments
313,6(1991).pdf,https://www.forestdepartment.gov.mm/sites/default/files/Research%20Books%20file/6%281991%29.pdf,Physical and Chemical Properties of Mangrove Forest Soils
314,5(1991).pdf,https://www.forestdepartment.gov.mm/sites/default/files/Research%20Books%20file/5%281991%29.pdf,A Study of Changes in Forest Cover and Landuse Types in Part of Teak Kinda Watershed Area Using Sequential Aerial Photographs
315,4(1991).pdf,https://www.forestdepartment.gov.mm/sites/default/files/Research%20Books%20file/4%281991%29.pdf,"Effect of Su-Yit, Do-Nwe Elephant Skin Bots"
316,3(1991).pdf,https://www.forestdepartment.gov.mm/sites/default/files/Research%20Books%20file/3%281991%29.pdf,Vegetative Propagation of Forest Tree Species from Seedlings and Branch Cuttings
317,2(1991).pdf,https://www.forestdepartment.gov.mm/sites/default/files/Research%20Books%20file/2%281991%29.pdf,Trial Planting of Acacia senegal and Acacia auriculiformis in The Central Dry Zone of Myanmar
318,1(1991).pdf,https://www.forestdepartment.gov.mm/sites/default/files/Research%20Books%20file/1%281991%29_0.pdf,"Studies on Seed Storage, Germination and Growth During Nursery Stage of Some Indigenous and Exotic Species Part - 2"
319,10(1988).pdf,https://www.forestdepartment.gov.mm/sites/default/files/Research%20Books%20file/10%281988%29.pdf,Nursery Practice of Some Species of Rattan ( 1 )
320,10(1988).pdf,https://www.forestdepartment.gov.mm/sites/default/files/Research%20Books%20file/10%281988%29.pdf,Nursery Practice of Some Species of Rattan ( 1 )
321,9(1988).pdf,https://www.forestdepartment.gov.mm/sites/default/files/Research%20Books%20file/9%281988%29.pdf,Conservation of Potassium in Young Slash Pine
322,8(1988).pdf,https://www.forestdepartment.gov.mm/sites/default/files/Research%20Books%20file/8%281988%29_0.pdf,Preliminary Study on Anthraquinone Extractives in Teak
323,7(1988).pdf,https://www.forestdepartment.gov.mm/sites/default/files/Research%20Books%20file/7%281988%29.pdf,"Treatability of In, Yon and Taung-Thayet with Copper, Chromium and Arsenic Water-Borne Preservatives"
324,6(1988).pdf,https://www.forestdepartment.gov.mm/sites/default/files/Research%20Books%20file/6%281988%29.pdf,Studies on Different Methods of Planting of Fuelwood Species in High Rainfall Area
325,6(1988).pdf,https://www.forestdepartment.gov.mm/sites/default/files/Research%20Books%20file/6%281988%29.pdf,Studies on Different Methods of Planting of Fuelwood Species in High Rainfall Area
326,5(1988).pdf,https://www.forestdepartment.gov.mm/sites/default/files/Research%20Books%20file/5%281988%29.pdf,The Utilization Potential of Teak Tops and Lops
327,4(1988).pdf,https://www.forestdepartment.gov.mm/sites/default/files/Research%20Books%20file/4%281988%29.pdf,"Treatability and Performance of In, Kanyin and Taung-thayet"
328,3(1988).pdf,https://www.forestdepartment.gov.mm/sites/default/files/Research%20Books%20file/3%281988%29.pdf,Physical and Mechanical Properties of Kanyaung Shorea argentea C.E.C. Fisher
329,2(1988).pdf,https://www.forestdepartment.gov.mm/sites/default/files/Research%20Books%20file/2%281988%29.pdf,Species Trial For Fuelwood Production ( Part-2 )
330,1(1988).pdf,https://www.forestdepartment.gov.mm/sites/default/files/Research%20Books%20file/1%281988%29.pdf,Study on the Effectiveness of the Application of Fertilizer in Dry Zone Forest Plantations
331,12(1987).pdf,https://www.forestdepartment.gov.mm/sites/default/files/Research%20Books%20file/12%281987%29.pdf,Proposed Strength Grouping of some Commercial Burmese Timber
332,11(1987).pdf,https://www.forestdepartment.gov.mm/sites/default/files/Research%20Books%20file/11%281987%29.pdf,Study on Some Burmese Timbers Suitable for Pencil Making
333,10(1987).pdf,https://www.forestdepartment.gov.mm/sites/default/files/Research%20Books%20file/10%281987%29.pdf,Preliminary Studies on the Quality and Yield of Gum from Acacia Senegal
334,9(1987).pdf,https://www.forestdepartment.gov.mm/sites/default/files/Research%20Books%20file/9%281987%29.pdf,Studies of Energy Source from Different Types of one Stick Fuel - Wood Stove
335,7(1987).pdf,https://www.forestdepartment.gov.mm/sites/default/files/Research%20Books%20file/7%281987%29.pdf,"Soil Nutrient -Vegetation Relationship in the Forest Research Institute, Yezin."
336,6(1987).pdf,https://www.forestdepartment.gov.mm/sites/default/files/Research%20Books%20file/6%281987%29.pdf,Reliability of Height Estimates of Some Teak Plantations Using Existing Aerial Photographs
337,5(1987).pdf,https://www.forestdepartment.gov.mm/sites/default/files/Research%20Books%20file/5%281987%29.pdf,Testing the Methods of Vegetative Propagation of Padauk ( Pterocarpus Macrocarpus kurz.)
338,4(1987).pdf,https://www.forestdepartment.gov.mm/sites/default/files/Research%20Books%20file/4%281987%29.pdf,"Studies on Seed Storage, Germination and Growth During Nursery Stage of some Indigenous and Exotic Species"
339,3(1987).pdf,https://www.forestdepartment.gov.mm/sites/default/files/Research%20Books%20file/3%281987%29.pdf,An Assessment of Yield of Eucalyptus Camaldulensis in Katha Forest Area
340,2(1987).pdf,https://www.forestdepartment.gov.mm/sites/default/files/Research%20Books%20file/2%281987%29.pdf,Effects of Tending Pperations on Some Plots of Naturally Regenerated Bamboos
341,2(1987).pdf,https://www.forestdepartment.gov.mm/sites/default/files/Research%20Books%20file/2%281987%29.pdf,Effects of Tending Pperations on Some Plots of Naturally Regenerated Bamboos
342,1(1987).pdf,https://www.forestdepartment.gov.mm/sites/default/files/Research%20Books%20file/1%281987%29.pdf,Investigation on the Suitability of some Tropical Pines for Plantation Establishment in the Shan State Area
343,14(1986)-13 papers.pdf,https://www.forestdepartment.gov.mm/sites/default/files/Research%20Books%20file/14%281986%29-13%20papers.pdf,Operation of a Portable Kiln and Use for the Investigation of Quality of Charcoal Produced from Some Fuelwood Species in Delta Area.
344,13(1986).pdf,https://www.forestdepartment.gov.mm/sites/default/files/Research%20Books%20file/13%281986%29.pdf,Evaluation of Solar Dryers Tested at the Forest Research Institute
345,12(1986).pdf,https://www.forestdepartment.gov.mm/sites/default/files/Research%20Books%20file/12%281986%29.pdf,An Investigation of the Relationship Between Certain Anatomical Characteristics and Basic Physical Properties in Three Burmese Woods
346,11(1986).pdf,https://www.forestdepartment.gov.mm/sites/default/files/Research%20Books%20file/11%281986%29.pdf,Studies on the Biogas Production of Bawzagaing [Leucaena leucocephala] and Thinbaw Kokko [Samanea saman] leaves.
347,10(1986).pdf,https://www.forestdepartment.gov.mm/sites/default/files/Research%20Books%20file/10%281986%29.pdf,Physical and Mechanical Properties of Zaungbale (Lagerstroemia Villosa Wall.)
348,8(1986).pdf,https://www.forestdepartment.gov.mm/sites/default/files/Research%20Books%20file/8%281986%29_0.pdf,Comparative Studies on Taxonomic Characters of Some Meze Varieties Including Myitzuthka-Natpan.
349,7(1986).pdf,https://www.forestdepartment.gov.mm/sites/default/files/Research%20Books%20file/7%281986%29_0.pdf,A Survey on Cane Utilization in Burma and Testing the Methods of Propagation.
350,7(1986).pdf,https://www.forestdepartment.gov.mm/sites/default/files/Research%20Books%20file/7%281986%29_0.pdf,A Survey on Cane Utilization in Burma and Testing the Methods of Propagation.
351,7(1986).pdf,https://www.forestdepartment.gov.mm/sites/default/files/Research%20Books%20file/7%281986%29.pdf,A Survey on Cane Utilization in Burma and Testing the Methods of Propagation.
352,6(1986).pdf,https://www.forestdepartment.gov.mm/sites/default/files/Research%20Books%20file/6%281986%29.pdf,Detection of Changes in Forest Cover of Some Forest Reserves in Pegu Yoma Area Using Sequential Aerial Photographs
353,5(1986).pdf,https://www.forestdepartment.gov.mm/sites/default/files/Research%20Books%20file/5%281986%29.pdf,A Preliminary Study on The Coppicing of Eucalyptus Camaldulensis and Eucalyptus Grandis During the First Growing Season Following Clear Cutting.
354,4(1986).pdf,https://www.forestdepartment.gov.mm/sites/default/files/Research%20Books%20file/4%281986%29.pdf,Soil-Site Requirements of Tree Species on Dryzone Adverse Sites.
355,3(1986).pdf,https://www.forestdepartment.gov.mm/sites/default/files/Research%20Books%20file/3%281986%29.pdf,Species Trial for Fuelwood Production
356,2(1986).pdf,https://www.forestdepartment.gov.mm/sites/default/files/Research%20Books%20file/2%281986%29.pdf,Growth Response of Hardwood Species in Pegu Yoma Forests
357,1(1986).pdf,https://www.forestdepartment.gov.mm/sites/default/files/Research%20Books%20file/1%281986%29.pdf,A Preliminary Investigation of Teak [ Tectona Grandis Linn. F ] Stain and Possible Control Measures
358,9(1985).pdf,https://www.forestdepartment.gov.mm/sites/default/files/Research%20Books%20file/9%281985%29_0.pdf,Further Observation on a Root-Borer of Young Plantation Teak in Prome Forest Division with a View to Its Control and Prevention in Pure Teak Plantations
359,8(1985).pdf,https://www.forestdepartment.gov.mm/sites/default/files/Research%20Books%20file/8%281985%29_0.pdf,"Investigation on the Suitability of Sit, Mezali, Bawzagaing and Paukpanbyu for Charcoal Manufacture"
360,7(1985).pdf,https://www.forestdepartment.gov.mm/sites/default/files/Research%20Books%20file/7%281985%29.pdf,Utilization of Rubberwood (Hevea brasiliensis Muell. Arg.)
361,6(1985).pdf,https://www.forestdepartment.gov.mm/sites/default/files/Research%20Books%20file/6%281985%29.pdf,"Form Factor, Yield, Structure and Properties of Shanthabye (Eucalyptus grandis) Planted in Burma"
362,5(1985).pdf,https://www.forestdepartment.gov.mm/sites/default/files/Research%20Books%20file/5%281985%29_0.pdf,"Anatomical, Physical and Mechanical Properties of Myaukngo [Duabanga grandiflora (Roxb.) Walp.]"
363,4(1985).pdf,https://www.forestdepartment.gov.mm/sites/default/files/Research%20Books%20file/4%281985%29.pdf,Species Trial for Pulpwood Production
364,3(1985).pdf,https://www.forestdepartment.gov.mm/sites/default/files/Research%20Books%20file/3%281985%29.pdf,Trial Planting of Commercial Species in the East Pegu Yoma
365,2(1985).pdf,https://www.forestdepartment.gov.mm/sites/default/files/Research%20Books%20file/2%281985%29.pdf,Study on the Substitution of Burmese Species in Place of Imported Wooden Shuttles
366,1(1985).pdf,https://www.forestdepartment.gov.mm/sites/default/files/Research%20Books%20file/1%281985%29.pdf,Environmental Impact of Eucalyptus plantations with Special Reference to E.camaldulensis
367,15(1984).pdf,https://www.forestdepartment.gov.mm/sites/default/files/Research%20Books%20file/15%281984%29.pdf,Preliminary Study on Acid Stimulation Method in Oleoresin Production
368,12(1984).pdf,https://www.forestdepartment.gov.mm/sites/default/files/Research%20Books%20file/12%281984%29.pdf,Some Physical and Chemical Properties of Dry Zone Forest Soils
369,11(1984).pdf,https://www.forestdepartment.gov.mm/sites/default/files/Research%20Books%20file/11%281984%29.pdf,Foliar Analysis of Ten Commercially Important Burmese Species
370,10(1984).pdf,https://www.forestdepartment.gov.mm/sites/default/files/Research%20Books%20file/10%281984%29.pdf,A Preliminary Report on the Mortality of Pinus khasya Royle in Kalaw Area
371,8(1984).pdf,https://www.forestdepartment.gov.mm/sites/default/files/Research%20Books%20file/8%281984%29.pdf,"Physical, Mechanical and Anatomical Properties of Lein ( Terminalia pyrifolia )"
372,7(1984).pdf,https://www.forestdepartment.gov.mm/sites/default/files/Research%20Books%20file/7%281984%29.pdf,Fuelwood Outturn Study in Dryzone
373,5(1984).pdf,https://www.forestdepartment.gov.mm/sites/default/files/Research%20Books%20file/5%281984%29.pdf,Interim Report on Teak Provenance Trial (Seed Characteristics)
374,4(1984).pdf,https://www.forestdepartment.gov.mm/sites/default/files/Research%20Books%20file/4%281984%29.pdf,Spacing Trial of Leucaena in Correlation with Fuelwood Production
375,3(1984).pdf,https://www.forestdepartment.gov.mm/sites/default/files/Research%20Books%20file/3%281984%29.pdf,Testing the Methods of Propagation of Bamboos
376,2(1984).pdf,https://www.forestdepartment.gov.mm/sites/default/files/Research%20Books%20file/2%281984%29.pdf,Trial Plantation of Fast Growing Species in Pegu Yoma Forests with Particular Reference to Toungoo Forest Division
377,1(1984).pdf,https://www.forestdepartment.gov.mm/sites/default/files/Research%20Books%20file/1%281984%29_0.pdf,Propagation of Padauk (Pterocarpus macrocarpus Kurz)
378,1(1984).pdf,https://www.forestdepartment.gov.mm/sites/default/files/Research%20Books%20file/1%281984%29.pdf,Propagation of Padauk (Pterocarpus macrocarpus Kurz)
379,12(1983).pdf,https://www.forestdepartment.gov.mm/sites/default/files/Research%20Books%20file/12%281983%29.pdf,Further Observations on Tingis Beesoni ( Hemiptera: Tingidae) Incident on Yemane ( Gmelina arborea)
380,10(1983).pdf,https://www.forestdepartment.gov.mm/sites/default/files/Research%20Books%20file/10%281983%29.pdf,Preliminary Observations on Trial Planting of Tropical Pines in Burma
381,9(1983).pdf,https://www.forestdepartment.gov.mm/sites/default/files/Research%20Books%20file/9%281983%29.pdf,Control of Teak Seedling Blight
382,8(1983).pdf,https://www.forestdepartment.gov.mm/sites/default/files/Research%20Books%20file/8%281983%29.pdf,Log Volume Estimation by Using Spline Interpolation
383,7(1983).pdf,https://www.forestdepartment.gov.mm/sites/default/files/Research%20Books%20file/7%281983%29.pdf,The Morphological and Anatomical Characteristics of (25) Commercial Burmese Timbers (Part 1)
384,5(1983).pdf,https://www.forestdepartment.gov.mm/sites/default/files/Research%20Books%20file/5%281983%29.pdf,Regional Studies of Bamboo Propagation
385,4(1983).pdf,https://www.forestdepartment.gov.mm/sites/default/files/Research%20Books%20file/4%281983%29.pdf,Observations on the Effect of Some Insects on Germination of Teak Seeds
386,3(1983).pdf,https://www.forestdepartment.gov.mm/sites/default/files/Research%20Books%20file/3%281983%29.pdf,Soil- Site Relationship in Old Teak Plantations
387,2(1983).pdf,https://www.forestdepartment.gov.mm/sites/default/files/Research%20Books%20file/2%281983%29.pdf,Studies on Planting Technique for Teak
388,1(1983).pdf,https://www.forestdepartment.gov.mm/sites/default/files/Research%20Books%20file/1%281983%29.pdf,Develop Teak Tissue Culture Methodology
389,20(1982).pdf,https://www.forestdepartment.gov.mm/sites/default/files/Research%20Books%20file/20%281982%29.pdf,Optimum Subplot for the National Forest Inventory of Burma
390,19(9182).pdf,https://www.forestdepartment.gov.mm/sites/default/files/Research%20Books%20file/19%289182%29.pdf,Multivariate Statistical Analysis on Existing Forest Inventory Data
391,18(1982).pdf,https://www.forestdepartment.gov.mm/sites/default/files/Research%20Books%20file/18%281982%29.pdf,Physical and Mechanical Properties of Leza (Lagerstroemia Tomentosa Presl.)
392,17(81-82).pdf,https://www.forestdepartment.gov.mm/sites/default/files/Research%20Books%20file/17%2881-82%29.pdf,Use of Bamboo Shingles as Low Cost Roofing Material
393,16(1982).pdf,https://www.forestdepartment.gov.mm/sites/default/files/Research%20Books%20file/16%281982%29.pdf,Preliminary Studies on Raising Tropical Pines in the Nursery
394,15(1982).pdf,https://www.forestdepartment.gov.mm/sites/default/files/Research%20Books%20file/15%281982%29.pdf,Some Chemical and Physical Properties of East Pegu Yoma Forest Soils
395,14(1982).pdf,https://www.forestdepartment.gov.mm/sites/default/files/Research%20Books%20file/14%281982%29.pdf,Detrimental Effects of some Insects on Teak Fruit Yield
396,13(1982).pdf,https://www.forestdepartment.gov.mm/sites/default/files/Research%20Books%20file/13%281982%29.pdf,Preliminary Study on Methods of Grafting Teak (Tectona Grandis Linn.) for Vegetative Propagation
397,12(1982).pdf,https://www.forestdepartment.gov.mm/sites/default/files/Research%20Books%20file/12%281982%29.pdf,Fertilizer Experiment in Young Teak Plantation
398,11(1982).pdf,https://www.forestdepartment.gov.mm/sites/default/files/Research%20Books%20file/11%281982%29.pdf,Possible Substitute for Japanese Boxwood (Tsuge) with Similar Burmese Timbers
399,10(1981).pdf,https://www.forestdepartment.gov.mm/sites/default/files/Research%20Books%20file/10%281981%29_0.pdf,"Investigations on the Physical and Mechanical Properties of Thadi and Tinyuest Products Research February, 1981"
400,9(1981).pdf,https://www.forestdepartment.gov.mm/sites/default/files/Research%20Books%20file/9%281981%29_0.pdf,Aggregate Stability of East Pegu Yoma Forest Soils
401,8(1981).pdf,https://www.forestdepartment.gov.mm/sites/default/files/Research%20Books%20file/8%281981%29_0.pdf,Treatment Response of Planted Padauk
402,7(1981).pdf,https://www.forestdepartment.gov.mm/sites/default/files/Research%20Books%20file/7%281981%29_0.pdf,Two Insects Doing Serious Damage To Planted Yemane (Gmelina arborea) In Yezin And Moswe Areas
403,6(1981).pdf,https://www.forestdepartment.gov.mm/sites/default/files/Research%20Books%20file/6%281981%29_0.pdf,Preliminary Studies on the Air-Seasoning Behaviour of Leza (Lagerstroemia Tomentosa)
404,5(1981).pdf,https://www.forestdepartment.gov.mm/sites/default/files/Research%20Books%20file/5%281981%29_1.pdf,Preliminary Studies on the Air-Seasoning Behaviour of Leza (Lagerstroemia Tomentosa)
405,5(1981).pdf,https://www.forestdepartment.gov.mm/sites/default/files/Research%20Books%20file/5%281981%29_0.pdf,Preliminary Studies on the Air-Seasoning Behaviour of Leza (Lagerstroemia Tomentosa)
406,4(1981).pdf,https://www.forestdepartment.gov.mm/sites/default/files/Research%20Books%20file/4%281981%29_0.pdf,Preliminary Studies on the Air-Seasoning Behaviour of Leza (Lagerstroemia Tomentosa)
407,3(79-80).pdf,https://www.forestdepartment.gov.mm/sites/default/files/Research%20Books%20file/3%2879-80%29_1.pdf,Preliminary Studies on the Air-Seasoning Behaviour of Leza (Lagerstroemia Tomentosa)
408,3(79-80).pdf,https://www.forestdepartment.gov.mm/sites/default/files/Research%20Books%20file/3%2879-80%29_0.pdf,Silvical Characteristics and Nursery Practice of Some High Value Species
409,2(79-80).pdf,https://www.forestdepartment.gov.mm/sites/default/files/Research%20Books%20file/2%2879-80%29_0.pdf,Silvical Characteristics and Nursery Practice of Some High Value Species
410,1(79-80).pdf,https://www.forestdepartment.gov.mm/sites/default/files/Research%20Books%20file/1%2879-80%29_0.pdf,Evaluation of Regional Yield of Planted Teak in Prome Forest Division
411,1(79-80).pdf,https://www.forestdepartment.gov.mm/sites/default/files/Research%20Books%20file/1%2879-80%29_0.pdf,Preliminary Evaluation of Yield and Commercial Possibilities of Sun-let-the (Caesalpinia digyna Rottl) Plantation for Tannin Production
412,10(1981).pdf,https://www.forestdepartment.gov.mm/sites/default/files/Research%20Books%20file/10%281981%29.pdf,Preliminary Evaluation of Yield and Commercial Possibilities of Sun-let-the (Caesalpinia digyna Rottl) Plantation for Tannin Production
413,9(1981).pdf,https://www.forestdepartment.gov.mm/sites/default/files/Research%20Books%20file/9%281981%29.pdf,Observations on A Root-Borer of Young Plantation Teak in Prome Forest Division
414,8(1981).pdf,https://www.forestdepartment.gov.mm/sites/default/files/Research%20Books%20file/8%281981%29.pdf,သစ်တောသုတေသန စာတမ်းများ(1981)
415,7(1981).pdf,https://www.forestdepartment.gov.mm/sites/default/files/Research%20Books%20file/7%281981%29.pdf,သစ်တောသုတေသန စာတမ်းများ(1981)
416,6(1981).pdf,https://www.forestdepartment.gov.mm/sites/default/files/Research%20Books%20file/6%281981%29.pdf,သစ်တောသုတေသန စာတမ်းများ(1981)
417,5(1981).pdf,https://www.forestdepartment.gov.mm/sites/default/files/Research%20Books%20file/5%281981%29.pdf,သစ်တောသုတေသန စာတမ်းများ(1981)
418,4(1981).pdf,https://www.forestdepartment.gov.mm/sites/default/files/Research%20Books%20file/4%281981%29.pdf,သစ်တောသုတေသန စာတမ်းများ(1981)
419,3(79-80).pdf,https://www.forestdepartment.gov.mm/sites/default/files/Research%20Books%20file/3%2879-80%29.pdf,သစ်တောသုတေသန စာတမ်းများ(1980)
420,2(79-80).pdf,https://www.forestdepartment.gov.mm/sites/default/files/Research%20Books%20file/2%2879-80%29.pdf,သစ်တောသုတေသန စာတမ်းများ(1980)
421,1(79-80).pdf,https://www.forestdepartment.gov.mm/sites/default/files/Research%20Books%20file/1%2879-80%29.pdf,သစ်တောသုတေသန စာတမ်းများ(1980)
422,man-451.pdf,https://www.forestdepartment.gov.mm/sites/default/files/Research%20Books%20file/man-451_0.pdf,မြန်မာ့သစ်တောသုတေသနစာတမ်းများ
423,man-451.pdf,https://www.forestdepartment.gov.mm/sites/default/files/Research%20Books%20file/man-451.pdf,သစ်တောသုတေသနစာတမ်းများ
